GEOID,total_hhsE,no_vehE,avg_hh_sizeE,hh_1personE,hh_2personE,hh_3personE,hh_4person_plusE,inc_quint_1,inc_quint_2,inc_quint_3,inc_quint_4,inc_quint_5,inc_lt_10kE,inc_btw_10k_15kE,inc_btw_15k_20kE,inc_btw_20k_25kE,inc_btw_25k_30kE,inc_btw_30k_35kE,inc_btw_35k_40kE,inc_btw_40k_45kE,inc_btw_45k_50kE,inc_btw_50k_60kE,inc_btw_60k_75kE,inc_btw_75k_100kE,inc_btw_100k_125kE,inc_btw_125k_150kE,inc_btw_150k_200kE,inc_gt_200kE,total_emp,basic_emp,retail_emp,service_emp,hbo_prod,hbw_prod,nhb_prod,hbo_attr,hbw_attr,nhb_attr,hbo_attr_bal,hbw_attr_bal,nhb_attr_bal
49035112822,1784,239,2.93,524,388,308,564,423,450,227,292,392,30,56,152,84,46,55,53,61,63,114,159,227,170,122,240,152,1365,199,351,815,9280.054691175941,1852.6987115606844,4913.669081678947,7189,1638,3960.6,5743.287836662781,810.1555356622835,3214.8440062890763
49035113521,1856,56,3.51,279,433,371,773,203,717,412,381,143,49,26,11,29,18,70,66,29,96,224,302,412,271,110,104,39,1070,49,35,986,11099.912306014836,2258.6666944950102,5592.520605417903,5078.5,1284,2683,4057.2106382656743,635.0669766729987,2177.8080262772282
49035100306,1772,212,2.99,590,509,189,484,652,814,130,108,68,185,145,47,50,122,103,107,152,126,225,204,130,68,40,0,68,2904,305,110,2489,8614.067773051225,1696.0508946304808,4114.144228395472,11089.4,3484.7999999999997,5217.3,8859.315083584399,1723.5836451012972,4234.91532444882
49035113520,1351,31,3.33,230,424,200,497,233,521,263,274,60,5,27,7,9,42,143,52,49,90,51,279,263,119,155,27,33,3636,44,83,3509,7713.037962775134,1569.2927709833436,3716.917780208949,13955.2,4363.2,6135.299999999999,11148.801004061266,2158.040679610302,4980.061715847439
49035112402,2309,97,3.02,453,698,371,787,745,813,327,338,86,116,95,106,225,100,103,68,150,149,159,287,327,179,159,51,35,2275,499,329,1447,12861.896049308598,2471.657477064534,5888.1452092855325,9793.7,2730,5207,7824.181121981399,1350.2592261038055,4226.554749469075
49035113310,1062,71,2.63,266,461,157,178,303,429,138,152,40,51,41,48,64,51,48,60,8,69,136,156,138,114,38,27,13,3419,255,702,2462,5215.041737277878,1047.0743025661463,2527.8387106809305,15435.7,4102.8,7510.9,12331.571576071177,2029.2467226588622,6096.64491411317
49035111801,2196,135,2.42,841,530,469,356,507,739,405,396,149,75,106,77,31,164,54,88,217,113,127,194,405,327,69,124,25,2675,361,279,2035,10008.499855002137,1959.2784782829212,5236.375166469967,11256,3210,5658.4,8992.411724784568,1587.6674416824965,4592.958977222165
49035113538,808,41,4.03,104,170,90,444,93,348,108,174,85,9,25,0,0,24,35,28,17,25,70,208,108,106,68,61,24,130,11,15,104,5071.598470116845,1080.3749486139216,2447.7786043925353,1063.3,156,706.4,849.4697394246118,77.1576700630746,573.3893364749289
49035113017,2080,37,3.38,299,562,356,863,261,621,289,623,286,11,33,47,23,79,68,48,69,93,108,303,289,345,278,158,128,1586,339,101,1146,12387.80195506519,2613.686798685239,5940.338992363135,6552.7,1903.1999999999998,3496.6,5234.948144011712,941.3235747695101,2838.212279046201
49035112914,2341,20,2.73,514,884,357,586,343,818,425,546,209,17,7,134,15,132,38,181,150,22,117,348,425,420,126,154,55,1333,165,342,826,12266.39624061592,2565.762019710946,6179.831899075887,7518,1599.6,4250.9,6006.125741553872,791.1628784159881,3450.4823477084865
49035103300,1973,145,2.05,816,732,216,209,623,524,368,188,270,184,83,33,141,119,63,0,132,61,141,190,368,57,131,74,196,2311,92,192,2027,8196.03696890106,1548.5118118632213,4506.7685993050145,10152.8,2773.2,4970,8111.0658990221,1371.6259655058877,4034.1803543040724
49035113019,2868,46,3.39,357,868,388,1255,187,628,607,521,925,45,68,0,0,38,36,78,0,45,136,369,607,296,225,337,588,3514,495,1196,1823,17284.90953040781,3601.4146331894185,9731.062877056182,18781,4216.8,10141.7,15004.129762187185,2085.631173858801,8232.081871075576
49035114000,1640,294,1.47,1027,509,86,18,562,488,131,223,236,148,132,101,56,71,54,26,64,74,143,181,131,142,81,72,164,40196,3871,2688,33637,5114.713411717778,1055.0106687593734,2895.3670831997692,144166.4,48235.2,62644.899999999994,115174.45146410643,23857.15158350267,50849.26053870084
49035112823,1941,33,2.88,299,761,366,515,146,488,294,508,505,22,29,9,31,12,43,34,46,73,208,127,294,258,250,277,228,3814,286,812,2716,10768.553979582166,2320.375391070803,5870.013207352686,17885.7,4576.8,8926.4,14288.875123132495,2263.6873355428197,7245.615194096553
49035113108,1100,11,3.91,63,202,285,550,28,340,159,406,167,7,0,10,0,0,11,8,21,81,34,196,159,264,142,118,49,585,28,0,557,7255.629986341105,1553.645285378982,3496.6629435580653,2739.1,702,1453.8,2188.265365614553,347.2095152838357,1180.0586316070946
49035113702,774,18,3.2,81,242,192,259,147,304,178,109,36,12,0,18,32,58,27,36,41,62,73,92,178,77,32,29,7,171,41,2,128,4630.525015467937,897.2571307218179,2316.577238393185,1035.3,205.2,673.5,827.1005560296253,101.49201215989042,546.6841989182681
49035100500,2167,181,3.01,487,864,285,531,695,797,301,322,52,135,140,58,170,65,127,115,81,142,95,364,301,200,122,52,0,371,13,139,219,11220.518727112023,2193.2823110031272,5167.767037977788,3460.1,445.2,2266.6,2764.2718380354554,220.19611994923596,1839.8135193290964
49035100600,2280,246,2.76,529,860,493,398,887,794,339,197,63,219,142,85,117,160,164,110,138,180,85,281,339,146,51,63,0,3037,40,131,2866,11605.713195146402,2113.3253592292344,5504.375602656314,12755.4,3644.4,6016.0999999999995,10190.281495586094,1802.521876781212,4883.3063238488385
49045130600,739,114,2.47,219,215,142,163,243,267,66,114,49,53,36,64,28,38,24,34,41,35,56,101,66,32,82,15,34,905,162,33,710,3670.3083249296037,719.2596856174879,1745.4854419470412,3392.8999999999996,1086,1673.5,2710.5857978874874,537.1360877467886,1358.3905076313613
49045131200,1205,19,2.59,318,447,141,299,245,498,176,226,60,18,68,25,28,19,87,49,97,75,147,130,176,156,70,21,39,859,98,10,751,6068.740887111529,1268.9266230508472,2981.8288459910405,3624.6,1030.8,1870.3999999999999,2895.690790481001,509.8341429552391,1518.215479816969
49035111306,1058,21,2.49,280,434,137,207,104,368,135,213,238,49,17,16,14,0,8,28,53,28,156,103,135,106,107,124,114,2121,79,4,2038,5196.890465937921,1153.3622076703311,2945.695316156186,7962.5,2545.2,3546.2999999999997,6361.236527949283,1258.8570631060093,2878.5540825892417
49035112907,1425,59,3.35,308,380,157,580,265,394,283,367,116,34,67,48,10,75,31,60,58,73,90,113,283,202,165,74,42,2246,55,328,1863,7990.54738990766,1616.774303559987,3756.268249908462,10311.7,2695.2,5032.3,8238.01101478865,1333.0471304743503,4084.749657336898
49035104000,1217,34,2.9,275,329,165,448,126,258,93,344,396,58,9,0,42,17,0,17,59,6,71,105,93,232,112,183,213,1050,97,279,674,6703.942437874421,1476.7619151233034,3592.842264892408,5622.4,1260,3033.6,4491.732025713286,623.1965658940641,2462.392258112039
49035113801,1386,52,4.25,128,223,275,760,140,593,367,210,76,46,25,0,53,0,16,86,67,107,185,148,367,157,53,45,31,242,86,0,156,9037.891057606406,1796.20207889422,4542.926915295257,1576.3999999999999,290.4,1093,1259.3850251377391,143.6319704251081,887.1949954234108
49035111702,1810,102,2.49,518,703,259,330,451,839,237,188,95,78,116,39,53,77,88,187,95,37,194,326,237,120,68,44,51,1487,128,199,1160,8734.486972787017,1787.506515908298,4492.775779974563,7088.2,1784.3999999999999,3709.3,5662.758776440829,882.565041413784,3010.862210909476
49035113413,1573,86,3.57,228,448,264,633,316,557,300,298,102,71,64,53,7,67,54,15,130,49,113,250,300,206,92,66,36,589,66,61,462,9301.953593093687,1851.805130480382,4457.924730463308,3276.7,706.8,1910.3,2617.7536867982935,349.5835974396226,1550.6025615346216
49035113016,1702,21,3.96,148,285,322,947,131,340,213,370,648,21,0,24,10,66,10,29,11,85,133,82,213,210,160,369,279,3717,278,704,2735,11142.210886425479,2338.9562058989377,6057.765242597803,16872.1,4460.4,8298,13479.110684233983,2206.115843264987,6735.538949701247
49035113010,2438,336,3.01,512,979,286,661,436,512,298,559,633,120,32,109,46,26,103,39,109,14,130,220,298,313,246,485,148,4284,2757,200,1327,12860.534830765024,2711.924064042749,6768.101268746932,9961,5140.8,5639.1,7957.8369927664435,2542.6419888477817,4577.293045464003
49035113309,1410,146,3.54,281,301,202,626,344,507,199,270,90,56,127,30,57,63,11,23,103,37,164,180,199,209,61,50,40,663,32,142,489,8192.143455977479,1637.4635415305897,3800.135376472315,3913.7,795.6,2214,3126.6526090342363,393.5041173216805,1797.1177674907879
49035113527,1297,4,3.75,168,316,277,536,155,405,254,383,100,10,30,18,8,31,58,78,58,28,62,179,254,223,160,57,43,119,43,0,76,7860.19424044801,1609.345181006621,3736.5334550072457,1204,142.79999999999998,906.0999999999999,961.8748859844189,70.62894413466059,735.4870863249336
49035111500,848,112,2.2,406,194,121,127,392,318,95,40,3,57,49,47,94,64,81,54,34,39,84,107,95,15,25,3,0,14527,7435,2240,4852,3481.8959180770194,614.1439124778536,1653.788051613676,41596.1,17432.399999999998,21547.1,33231.09962200705,8622.072869279113,17489.917004471885
49035113406,1824,88,3.69,349,389,285,801,690,713,241,115,65,80,75,133,129,117,156,202,127,79,168,137,241,35,80,65,0,1029,34,106,889,10656.403207090401,1983.414444787942,4888.008611306727,5302.5,1234.8,2854.2,4236.164105425566,610.7326345761828,2316.77214632891
49035113512,1754,136,2.12,658,598,346,152,614,775,198,119,48,134,80,72,49,184,95,115,167,116,153,224,198,93,26,48,0,4207,659,471,3077,7643.567309526281,1463.5126813961233,3911.639716553417,16415,5048.4,7903.4,13113.933765310829,2496.9409073488837,6415.239640283059
49035113101,1967,28,3.66,160,434,550,823,301,588,343,471,264,17,82,71,0,83,48,63,74,115,89,247,343,273,198,198,66,2638,1808,109,721,12449.604154360955,2483.6216815365997,6119.620221543256,6081.6,3165.6,3605.9,4858.586633391065,1565.7071817414678,2926.9317785885423
49045131002,2919,121,3.1,684,654,398,1183,978,1054,441,334,112,76,174,42,76,279,331,137,146,86,193,492,441,186,148,101,11,1524,365,428,731,16292.441691866563,3090.835119282708,7517.927715496056,8452.5,1828.8,4968.9,6752.697237361545,904.5253013548131,4033.2874773644876
49035100307,1321,21,4.01,91,272,248,710,321,394,263,160,183,53,28,28,50,99,63,28,52,61,95,158,263,78,82,113,70,4323,3921,8,394,8656.703435037985,1652.7168514441976,4225.20786126626,5115.5999999999995,5187.5999999999995,3342.2999999999997,4086.849806264031,2565.7892898667037,2712.9659956117703
49035113533,1500,69,3.05,283,448,314,455,132,391,357,369,251,19,50,12,30,10,11,70,61,0,128,132,357,189,180,158,93,878,193,1,684,8349.506734498946,1705.7285133953367,4454.256555505411,3587.5,1053.6,1958.8,2866.051622482644,521.1110331952269,1589.9703175072063
49035111906,1746,145,2.58,516,645,259,326,488,839,293,65,61,100,66,63,65,89,105,187,87,62,274,229,293,63,2,47,14,818,215,139,464,8406.02932676342,1646.2494997224146,4427.298538113449,4164.3,981.5999999999999,2458,3326.8568004193658,485.4998008584232,1995.1741068167826
49035103600,968,0,2.88,205,280,173,310,59,191,100,232,386,23,0,11,16,9,0,0,36,34,59,62,100,121,111,110,276,156,26,0,130,5314.976423775936,1166.7196569351938,3103.394713390846,1150.8,187.2,775.8,919.3734375339446,92.58920407568952,629.7217542996175
49035103800,981,21,2.49,302,310,138,231,126,219,138,221,277,23,0,36,10,11,46,14,35,10,63,97,138,90,131,141,136,438,22,26,390,4800.035438414544,1027.624829704717,2726.720323497192,2285.5,525.6,1267.8000000000002,1825.884594615772,259.9619960586667,1029.0812581864593
49035111201,1116,38,2.58,374,303,188,251,197,239,166,341,173,30,50,43,30,16,28,19,13,71,54,82,166,171,170,69,104,1230,272,176,782,5374.75363002819,1118.5232195775147,2699.601262547622,5187,1476,2727.6000000000004,4143.891223921247,730.0302629044751,2214.010127645833
49035113020,5835,134,3.68,922,1096,831,2986,372,1502,826,1648,1487,39,0,55,136,63,79,0,139,96,494,773,826,1152,496,690,797,2401,351,168,1882,35741.04688195026,7677.595277433994,18428.489478324915,12328.4,2881.2,7100.9,9849.15144881255,1425.042814011093,5763.845327540802
49035103100,1877,239,2.35,736,535,317,289,568,567,235,314,193,90,158,83,124,83,30,58,25,70,178,236,235,179,135,126,67,1607,40,29,1538,8334.20580485012,1632.746912971427,4227.380890039853,6968.5,1928.3999999999999,3435.7,5567.130517427262,953.7875060873913,2788.7793648455736
49035112501,1602,78,2.71,443,490,295,374,367,575,232,311,117,69,51,67,51,100,29,118,115,31,182,129,232,161,150,53,64,989,145,402,442,8096.983535404674,1635.9600590495934,4007.8429823911133,6146.7,1186.8,3541.8999999999996,4910.594984784409,586.9918130183137,2874.9825748309036
49035101102,2161,202,1.7,1123,732,244,62,661,752,220,250,278,190,15,87,62,205,102,191,87,89,187,198,220,229,21,204,74,382,30,1,351,7789.622608466372,1588.560532335223,4408.345582138645,2770.6,458.4,1807.6999999999998,2213.430696933913,226.72484587764998,1467.321494260658
49035103200,2154,343,1.87,1224,461,287,182,720,657,357,293,127,154,298,48,52,112,56,67,82,148,174,186,357,272,21,82,45,6775,37,93,6645,7806.347388669705,1459.6434955591715,4146.053263804828,25572.4,8130,11051,20429.775194641163,4021.1016513640807,8970.16641758839
49035112819,2405,13,3.42,181,825,392,1007,173,611,247,419,955,86,0,20,18,32,17,112,83,45,129,242,247,228,191,415,540,5181,986,947,3248,14859.667831608607,3211.0304021901306,8438.699654340644,21696.5,6217.2,10934.1,17333.320983190155,3075.029912282996,8875.27795009983
49035112610,2193,109,2.68,505,737,413,538,589,562,273,588,181,156,114,78,53,23,165,83,63,48,98,270,273,291,297,139,42,795,296,86,413,11499.982530541018,2295.1793874078003,5255.888982416843,3910.2,954,2446.2,3123.8564611098627,471.8488284626485,1985.595972373968
49035101800,1712,301,2.07,711,627,257,117,698,531,172,142,169,243,96,77,122,42,118,54,21,55,133,268,172,92,50,63,106,2070,172,553,1345,7032.4955901752155,1309.0061715595923,3585.277276099354,10671.5,2484,5595.3,8525.455021414225,1228.5875156197262,4541.740309142369
49035112503,1826,39,2.7,482,557,309,478,361,776,251,279,159,93,80,46,45,36,61,104,104,41,237,290,251,178,101,116,43,1136,590,75,471,9402.517487244,1942.8867344460164,4837.322191014048,3969.7,1363.2,2402.5,3171.390975824209,674.2393322434826,1950.1244066832057
49035113536,1084,56,4.09,86,234,234,530,214,323,231,185,131,7,14,56,66,16,55,41,9,4,135,134,231,131,54,109,22,1068,66,410,592,6970.69221367305,1349.2222961689527,3412.6932757715695,6321,1281.6,3439.2,5049.8431514182,633.8799355951052,2791.6203369260693
49035113308,1545,174,3.49,310,351,242,642,382,763,186,155,59,21,63,96,54,75,73,106,70,111,210,266,186,118,37,14,45,1163,100,130,933,8882.62122546605,1789.9366354592814,4296.235942196987,5509,1395.6,2894.2,4401.136832963592,690.2643867950443,2349.2403986774334
49035112913,1447,0,3.63,177,465,176,629,135,409,346,297,260,37,0,48,8,17,25,44,46,0,95,224,346,138,159,169,91,533,72,77,384,8690.816420730258,1786.9205623064863,4533.808228108466,3054.1,639.6,1803.6999999999998,2439.918678808151,316.34644725860585,1464.0746690258056
49035101900,1561,527,1.52,1002,452,61,46,682,500,120,141,118,362,10,65,43,108,94,52,68,71,162,147,120,100,41,46,72,5479,352,472,4655,4834.469139268837,920.2038859186345,2493.053669851167,21596.4,6574.8,9848,17253.35115255308,3251.8990328891214,7993.683728206541
49035113513,2021,199,2.98,548,566,247,660,379,1005,297,232,108,0,19,111,119,97,33,115,207,108,209,366,297,151,81,49,59,3547,179,939,2429,10569.129501981133,2203.7538080355134,5422.544055401557,17929.1,4256.4,9116,14323.547357394722,2105.217351644043,7399.5147102285555
49035112202,1456,0,2.7,362,483,285,326,266,531,127,378,154,26,41,60,54,54,31,73,71,102,199,86,127,238,140,115,39,6112,2290,1255,2567,7480.047848998905,1597.6085166847147,3666.086162118108,22148.7,7334.4,11510.9,17694.583295019187,3627.5975340423997,9343.470148965542
49035113013,1352,9,3.84,83,363,206,700,74,196,173,419,490,15,0,0,28,9,22,0,11,31,37,117,173,257,162,296,194,1889,300,195,1394,8751.637080523717,1878.9715846863987,4568.191314832155,7673.4,2266.7999999999997,3829.2999999999997,6130.274709396047,1121.1602980703685,3108.2669679550468
49035113509,2233,133,3.18,422,658,409,744,490,907,373,390,73,43,45,6,128,26,242,142,110,84,288,283,373,252,138,58,15,1018,202,526,290,12519.47842655809,2504.112112105969,6001.751042859922,7137.9000000000005,1221.6,4319,5702.464076966931,604.2039086477688,3505.759547331849
49035102300,1634,541,1.75,1018,347,120,149,992,307,98,207,30,123,346,169,89,142,123,21,71,67,70,78,98,139,68,18,12,3802,920,221,2661,5513.713007194656,883.9316822376978,2164.4545831680093,12957.7,4562.4,6204.5,10351.898845614873,2256.5650890754587,5036.231792410385
49035113306,2107,199,2.85,482,699,439,487,965,666,223,171,82,215,79,167,44,174,286,84,116,103,180,183,223,113,58,27,55,837,91,115,631,11041.627605104844,1972.4845089257449,4976.022425091988,4713.1,1004.4,2733.6,3765.292794961101,496.7766910984111,2218.8803654981107
49035101101,1111,82,1.63,651,352,65,43,386,353,98,218,56,49,54,55,67,93,68,29,31,80,66,147,98,113,105,25,31,690,14,150,526,3703.9106821392797,760.50278818731,1806.340042897724,3888.5,828,2115,3106.5203439787488,409.5291718732421,1716.7588429281916
49035112920,1782,169,2.54,503,648,291,340,511,465,330,256,220,85,155,96,63,66,46,55,58,29,175,148,330,145,111,125,95,1357,107,476,774,8715.554870506112,1663.6596773103042,4473.706917897274,8029.7,1628.3999999999999,4443.5,6414.9225680972495,805.4073713507095,3606.8169827666284
49045130703,2655,106,3.47,358,765,380,1152,348,813,388,754,352,11,69,19,61,64,124,118,90,116,176,313,388,396,358,248,104,2537,1787,45,705,15915.317663353928,3354.409804541033,7605.994350474813,5954.9,3044.4,3685,4757.366078528751,1505.7616073078482,2991.1377476077478
49035113528,1457,0,3.63,54,420,232,751,146,475,407,309,120,11,20,9,22,84,0,21,7,42,99,306,407,245,64,80,40,68,53,0,15,9553.367836387675,1908.3743612135813,4681.978784577074,1109.5,81.6,921.6999999999999,886.3788920263397,40.359396648377476,748.1497047408577
49035113532,1015,5,3.15,147,343,169,356,150,271,214,279,101,27,8,49,9,31,26,26,0,63,77,105,214,192,87,91,10,473,41,15,417,5860.524181325427,1191.3746998660506,2824.797802981182,2324.7,567.6,1283.8,1857.201451368753,280.7352149218022,1042.0685591258687
49035113014,1455,8,3.28,236,408,234,577,143,415,328,348,221,25,58,8,0,25,27,42,38,21,87,227,328,212,136,157,64,1109,213,242,654,8484.036629022603,1744.3053926131608,4362.053427178236,5489.4,1330.8,3032.5,4385.4784045871,658.2142776919211,2461.499381172455
49035113408,1679,48,3.87,132,509,286,752,202,678,377,303,119,31,18,0,45,94,14,135,30,56,204,253,377,238,65,91,28,222,86,21,115,10504.417399606957,2135.3437037101025,5210.388413272993,1814.4,266.4,1310.1000000000001,1449.5230839951244,131.76155964617354,1063.4164350450233
49035113008,1771,8,3.7,110,538,337,786,85,298,179,580,629,0,12,7,46,10,10,54,8,20,15,201,179,274,306,317,312,757,176,14,567,11208.618836715475,2439.7594402345567,5873.546383199189,3465,908.4,2010.1999999999998,2768.186445129578,449.2950479826729,1631.6920217750596
49035102702,1114,97,3.5,115,347,170,482,489,447,109,57,12,171,23,65,67,46,117,58,68,44,97,180,109,57,0,12,0,1426,960,21,445,6805.287360291653,1258.6695865230297,2953.070004850956,3185.7,1711.2,1870.1000000000001,2545.0538407645877,846.3602885380337,1517.9719679243553
49035101200,2124,70,1.94,885,825,238,176,616,592,180,261,475,55,142,88,96,128,107,65,51,54,204,218,180,132,129,119,356,737,106,25,606,8678.977976718514,1787.8975528376413,4932.868805283733,3892,884.4,2293.2999999999997,3109.316491903122,437.4246372037383,1861.4860777717358
49035110900,1508,28,2.94,213,581,252,462,152,360,166,190,640,38,10,25,0,61,18,25,28,33,88,186,166,85,105,195,445,773,136,74,563,8547.401810451318,1831.630192880602,5147.482521700847,3742.9,927.5999999999999,2108.7999999999997,2990.200590324819,458.7913766058205,1711.7262638141701
49035113903,1418,37,3.52,195,392,244,587,246,498,276,341,57,41,0,74,34,64,33,40,93,77,96,192,276,156,185,48,9,449,64,10,375,8472.506526512278,1708.8138724605392,3953.1580758262867,2433.8999999999996,538.8,1454.8,1944.4412666092003,266.49072198708075,1180.8703379158076
49035103700,1051,14,2.5,283,291,228,249,128,188,161,156,418,19,29,10,9,39,22,17,47,8,42,74,161,88,68,145,273,428,33,74,321,5397.469475763599,1114.4536548009914,3348.703408813426,2503.9,513.6,1444.3000000000002,2000.3642250966668,254.02679066919947,1172.3474216743202
49035113537,1002,25,3.6,175,288,133,406,167,377,173,188,97,20,18,23,14,61,31,24,63,32,50,208,173,113,75,69,28,142,29,8,105,5783.392104799252,1189.3007702503053,2856.2570407585076,1156.4,170.4,800.3,923.8472742129421,84.27991653043533,649.6085588630883
49035113409,1358,19,3.71,188,269,237,664,226,480,294,194,164,49,29,26,48,7,67,19,49,35,117,260,294,159,35,117,47,907,156,359,392,8386.799371072853,1657.3910107298664,4248.613016321489,5447.4,1088.3999999999999,3128.8999999999996,4351.9246294946215,538.323128824682,2539.7478693323965
49035104100,1125,68,2.65,287,395,135,308,206,196,91,186,446,34,27,40,6,99,0,22,37,19,102,16,91,142,44,123,323,267,55,9,203,5780.291707146793,1228.0506395117568,3351.4019106686965,1612.1,320.4,1029,1287.905733966347,158.4699838987763,835.2457916657726
49035112604,1593,48,3.23,251,508,278,556,292,516,238,395,152,56,8,25,53,107,43,34,27,75,100,280,238,287,108,102,50,2807,126,225,2456,9142.718953558957,1877.6628218639216,4357.067464790023,11689.3,3368.4,5514.7,9338.574837821983,1666.0121528234647,4476.316780660094
49045130800,1732,57,3.22,291,434,403,604,534,449,150,394,205,104,49,96,11,175,99,16,20,116,45,252,150,227,167,109,96,1409,322,114,973,10027.736276628384,1956.555565375872,4568.964475267548,5800.9,1690.8,3098.2,4634.3355698563255,836.2704393759393,2514.828485654905
49045130900,1766,180,2.84,534,422,230,580,688,647,276,120,35,114,16,143,197,126,92,25,61,170,229,162,276,83,37,28,7,1505,35,641,829,9084.134009393165,1663.7077044462537,4237.085626790729,9546.6,1806,5250.4,7626.773078520644,893.2484111148253,4261.782803267223
49035113905,1914,33,3.91,160,531,254,969,300,795,392,349,78,44,30,91,15,26,94,94,163,89,144,305,392,218,131,61,17,1153,233,333,587,12136.03590941376,2461.4938799220936,5752.318342515717,6354.6,1383.6,3651.8,5076.686171492184,684.329181405577,2964.189098158473
49035110104,1937,23,2.84,322,722,288,605,209,236,222,392,878,90,25,23,20,0,51,18,42,32,60,84,222,210,182,172,706,1512,142,208,1162,10798.569297284443,2308.8658871198236,6351.182543536349,7269.5,1814.3999999999999,3837.6000000000004,5807.599238923367,897.4030548874523,3115.0041303173657
49035113701,1108,28,3.52,144,389,160,415,195,440,214,161,98,14,8,36,47,21,69,115,0,63,148,114,214,148,13,47,51,292,15,134,143,6486.041112189939,1314.1571404986523,3253.785958423806,2412.2,350.4,1502.3,1927.1051494780859,173.30799737244448,1219.4263875796796
49035112700,1872,116,2.96,511,444,317,600,505,654,269,290,154,127,26,117,57,71,107,48,87,76,200,243,269,130,160,95,59,2541,504,200,1837,9878.071132531732,1940.1027690090698,4827.318315470682,9772.7,3049.2,4887,7807.40423443516,1508.135689463635,3966.808730680885
49035111400,2873,232,2.45,1003,983,267,620,667,1450,350,267,139,246,129,97,78,86,31,301,106,244,274,525,350,170,97,61,78,1560,126,389,1045,13315.991086806389,2801.3150937586515,6954.486151654335,9024.4,1872,5078.1,7209.587808204145,925.8920407568953,4121.925806275958
49035113907,2158,28,3.7,346,288,311,1213,234,734,477,562,151,30,24,59,14,64,43,59,137,72,308,158,477,420,142,101,50,1057,783,22,252,13497.560767660205,2756.473113147391,6418.279364196378,3125.5,1268.3999999999999,2142.5,2496.960096465367,627.3512096666911,1739.0807664178017
49035101400,677,122,2.48,184,326,54,113,412,152,82,2,29,149,26,16,101,77,43,44,6,50,35,17,82,2,0,12,17,25974,2010,15,23949,3208.125148022192,524.0515646054874,1375.368409115257,85828.4,31168.8,35010.299999999996,68568.25786065208,15416.102478602304,28418.081379937998
49035113523,1794,28,3.15,327,494,269,704,344,792,266,276,116,78,10,16,107,61,72,89,159,102,253,189,266,200,76,64,52,707,148,93,466,10293.978710014566,2111.9190774893377,5051.121118694533,3771.6,848.4,2239.9,3013.12900330468,419.61902103533646,1818.1409608864572
49035114700,1487,82,3.04,350,496,197,444,226,677,262,266,56,16,33,39,25,38,75,66,67,43,191,310,262,213,53,48,8,1839,1054,34,751,7862.410051004262,1650.107911950208,3945.5605213595063,4692.799999999999,2206.7999999999997,2630.3999999999996,3749.0751369997347,1091.4842711230322,2135.1122744389195
49035113904,1610,8,3.29,239,500,224,647,327,690,257,268,68,54,43,12,90,74,54,9,122,52,188,319,257,184,84,68,0,271,46,34,191,9431.974371127526,1920.7512040562478,4491.179186341595,2113.3,325.2,1416.1999999999998,1688.3141167366055,160.8440660545632,1149.538474399482
49035100800,1420,211,1.77,700,545,131,44,445,559,127,158,131,72,54,54,75,96,94,83,59,80,134,203,127,125,33,65,66,1176,81,84,1011,5208.676285789164,1079.324979849697,2831.2738357762782,5294.799999999999,1411.2,2702.7,4230.012579991944,697.9801538013519,2193.7986405588763
49035113407,2827,103,3.5,401,604,598,1224,351,782,649,792,253,53,24,66,56,74,78,63,56,155,240,268,649,548,244,198,55,2650,1075,762,813,17158.485469922856,3440.250236148464,8281.2192973257,11977.7,3180,6953.3,9568.977426790345,1572.8294282088284,5644.0374763747495
49035113526,1403,9,4.23,84,304,240,775,176,553,315,285,74,10,0,20,0,86,60,63,32,56,143,259,315,164,121,25,49,1071,511,10,550,9257.099496950994,1865.8832472834745,4419.842273826745,3348.8,1285.2,1914.3,2675.354334040384,635.6604972119454,1553.8493867694738
49035111701,2153,271,2.87,525,569,398,661,1065,595,243,169,81,111,215,205,195,149,190,114,155,124,144,58,243,68,101,43,38,1272,210,323,739,11538.12187730489,2008.2620865647677,5033.164013139916,6953.8,1526.3999999999999,3949.5,5555.386696144895,754.9581255402376,3205.834066262361
49035114500,2279,58,3.74,365,541,419,954,397,786,551,350,195,22,44,64,36,124,107,115,138,50,229,254,551,228,122,91,104,63805,39077,3321,21407,13515.297794789663,2638.5944111607423,6819.169648565363,131770.1,76566,66484.40000000001,105271.05474556105,37869.57798749596,53965.80691100476
49035111905,1534,131,2.36,474,544,217,299,616,450,183,131,154,99,92,109,95,146,75,57,90,24,123,156,183,75,56,95,59,2032,168,309,1555,7335.681700905982,1359.5612692655855,3570.0467626160707,9229.5,2438.4,4633.7,7373.442076572422,1206.0337351397507,3761.2035226838584
49035110102,1572,9,2.6,300,676,249,347,147,330,114,294,687,9,23,35,29,17,34,44,51,25,87,123,114,183,111,138,549,3460,90,13,3357,8274.604488125857,1838.1594644341349,5013.3828129929325,13022.1,4152,5749.0999999999995,10403.347967423342,2053.5810647556777,4666.580739422442
49035111002,2316,104,2.4,792,813,266,445,309,602,215,569,621,76,39,27,91,48,28,23,30,118,136,295,215,330,239,290,331,12054,2338,343,9373,10716.89606210758,2389.250925529557,6017.8189305521955,38944.5,14464.8,17292.899999999998,31112.73795450183,7154.296576463856,14036.756025944644
49035110800,2174,121,2.6,612,815,239,508,413,795,282,242,442,70,81,68,0,72,122,98,117,131,212,237,282,156,86,103,339,24031,298,421,23312,10716.681742795781,2256.3569907028877,5997.242661954003,86858.8,28837.2,36068.9,69391.4438095876,14262.892071428814,29277.35367834168
49035113906,1452,166,2.83,445,338,274,395,488,702,92,106,64,94,99,85,37,87,86,43,127,89,182,261,92,89,17,54,10,6657,5320,198,1139,7355.485687808844,1452.6420940796645,3586.565375988093,10390.099999999999,7988.4,6056.4,8300.64472829461,3951.066227768366,4916.018088089976
49035113522,1071,0,3.21,187,395,196,293,139,264,278,205,185,12,30,24,14,50,9,40,9,16,56,143,278,159,46,99,86,325,39,38,248,5884.427904534829,1171.1335517886907,3181.551239388681,1964.1999999999998,390,1187.9,1569.198215158302,192.8941751576865,964.2259241202834
49035111305,1416,51,2.77,257,531,249,379,230,365,217,239,365,80,0,26,41,25,58,52,51,77,91,94,217,159,80,212,153,1206,91,128,987,7710.641495178359,1587.8374685829526,4245.556005844892,5584.6,1447.2,2878.5,4461.533628130056,715.7857699697536,2336.496609630638
49035111001,1436,25,2.91,255,501,315,365,180,308,118,285,545,70,35,15,6,41,13,32,27,58,62,129,118,176,109,197,348,1226,109,283,834,7878.148616505047,1684.9426621305897,4548.532290200687,6377.700000000001,1471.2,3413.8,5095.140747793048,727.6561807486881,2771.002996684757
49035110401,1391,266,2.4,564,327,196,304,345,378,167,232,269,32,47,54,116,75,21,27,51,91,87,122,167,143,89,74,195,2207,191,316,1700,6298.081452806088,1277.1788700205066,3414.795136988614,9711.8,2648.4,4795.3,7758.751260551064,1309.899829455428,3892.375262171895
49035101600,1732,370,2.07,807,485,270,170,724,472,134,237,165,242,95,120,74,91,102,92,65,69,104,142,134,97,140,88,77,836,23,151,662,6979.420011680033,1302.1262415396193,3389.9252726162886,4813.9,1003.1999999999999,2687.2,3845.8218551830514,496.1831705594643,2181.217192773823
49035113307,1896,54,3.48,414,464,225,793,508,872,211,243,62,80,179,124,59,10,56,48,168,118,300,238,211,159,84,30,32,9391,6140,157,3094,10698.40234934972,2163.5188607623118,5000.633261493404,17773,11269.199999999999,9277.099999999999,14198.839159967672,5573.75138124872,7530.280596562234
49035113525,1895,21,4.53,82,364,286,1163,59,592,354,642,248,9,0,7,0,43,0,41,108,87,125,231,354,471,171,98,150,2885,2185,22,678,12860.967810932034,2737.7829009623783,6076.337401325975,5413.8,3462,3282.1,4325.0816094206375,1712.3067548613094,2664.1012758272427
49035113534,2038,40,3.82,185,430,409,1014,88,531,447,681,291,0,0,20,10,6,52,33,93,23,174,208,447,406,275,237,54,277,94,25,158,13030.340002844365,2716.584905230367,6370.347524644546,2255.3999999999996,332.4,1608.5,1801.8377224661613,164.40518928824358,1305.62959756501
49035112918,1727,29,3.2,313,511,300,603,243,845,262,231,146,54,30,0,23,55,81,156,33,98,270,288,262,102,129,111,35,4097,875,797,2425,9776.166452959551,2048.358535859367,5072.797792540377,17003.7,4916.4,8614.6,13584.24584619042,2431.6536480647433,6992.525167039812
49035113535,2071,32,3.99,71,498,264,1238,55,471,426,757,362,0,0,0,10,21,24,15,10,33,151,262,426,536,221,220,142,666,68,179,419,13957.003036018798,2965.913318108866,6636.422198702677,4467.4,799.1999999999999,2704.5,3569.0032106700937,395.2846789385206,2195.25971191456
49035102900,2470,643,2.12,1138,781,289,262,1221,795,374,45,35,249,268,331,143,118,112,99,156,110,141,289,374,14,31,26,9,11050,3838,2922,4290,9906.663976114849,1661.2595124670463,4773.030804906366,43975.4,13260,23140.4,35131.92098099603,6558.401955361342,18783.20866614446
49035113539,1232,17,4.05,45,305,308,574,80,443,239,352,118,8,11,29,0,19,13,39,75,11,91,227,239,302,50,92,26,290,73,53,164,8081.559611416445,1676.8327668425925,3925.3149133135694,1932.7,348,1254.3999999999999,1544.0328838389423,172.12095629455104,1018.2043936497038
49035113515,2187,108,2.81,441,917,259,570,461,754,371,442,159,60,0,60,131,99,111,115,81,92,214,252,371,252,190,80,79,1712,61,531,1120,11538.824661401879,2364.3520676403937,5599.213383139932,9954,2054.4,5406.4000000000005,7952.244696917697,1016.1071626767979,4388.408987426466
49035104300,1241,26,2.38,426,384,191,240,194,375,143,371,158,40,0,47,42,32,33,51,74,33,171,46,143,228,143,98,60,1532,21,158,1353,5812.574887464831,1262.2316268035231,2925.667187578503,6946.1,1838.3999999999999,3391.8999999999996,5549.235170711274,909.2734656663868,2753.22662852394
49035112614,1147,48,3.31,179,375,167,426,175,197,177,270,328,0,39,9,70,37,20,10,59,11,47,70,177,123,147,164,164,435,72,4,359,6608.472249608364,1363.8665850948578,3474.6685380450335,2143.4,522,1245.6,1712.3609888862159,258.1814344418265,1011.0613781330286
49035112100,3486,231,2.59,1001,1332,436,717,782,1335,732,351,286,157,130,93,118,192,92,134,275,58,406,462,732,227,124,215,71,15896,3190,1372,11334,16936.527766944902,3357.312212653981,9042.867955723443,55867,19075.2,26002.6,44632.113168846794,9434.602487097185,21106.47446294307
49035112619,1047,5,3.03,161,421,107,358,105,165,171,279,327,24,0,13,28,40,0,0,0,23,79,63,171,104,175,175,152,327,59,11,257,5890.97965003159,1259.0314858405,3165.1724248854143,1766.1,392.4,1069.1999999999998,1410.9362426387727,194.08121623557994,867.8763852760388
49045131001,770,12,3.97,56,166,137,411,68,212,184,195,111,13,8,16,22,2,7,25,30,33,43,81,184,96,99,60,51,346,20,70,256,5017.490359817656,1016.6378493912321,2482.027378505767,2037,415.2,1159.4,1627.358091985267,205.3581064755678,941.0922943219601
49035115106,4264,21,4,395,937,679,2253,201,860,607,1503,1093,13,36,18,0,54,80,101,33,108,129,489,607,846,657,519,574,1738,524,84,1130,27328.100406392325,5880.324625376879,13557.224982096113,8012.199999999999,2085.6,4797.200000000001,6400.941828475383,1031.5386966894127,3893.91750415845
49035103500,1666,32,2.29,520,626,261,259,277,436,215,313,425,40,32,45,61,70,29,76,90,31,78,161,215,222,91,174,251,541,55,45,441,7811.45709301673,1656.585053873963,4476.027311705262,3126.2,649.1999999999999,1856,2497.5193260502415,321.09461157017967,1506.5269089715007
49035113410,1665,52,4.1,209,425,252,779,371,590,308,297,99,7,53,35,73,113,90,65,62,79,138,246,308,207,90,72,27,1231,74,501,656,10202.891018261069,2014.2159611685984,4779.595385272336,7721.700000000001,1477.2,4309.1,6168.861550752399,730.6237834434219,3497.7236548755895
49035104800,1944,34,2.7,537,664,251,492,383,431,421,493,216,106,62,45,82,14,74,65,32,113,72,149,421,257,236,111,105,727,106,135,486,9772.158984926704,1953.694534124867,4842.550419984873,4270,872.4,2534.2999999999997,3411.3004677354397,431.4894318142711,2057.1072981715915
49035112611,2364,42,3.09,337,820,414,793,255,760,315,614,420,31,0,41,67,54,62,57,55,57,244,347,315,354,260,338,82,2006,185,116,1705,13600.579186201296,2912.7773268438855,6921.755071856073,8726.2,2407.2,4443.1,6971.35600504754,1190.6022011271357,3606.4923002431437
49035111600,3067,377,2.09,1227,1042,593,205,1263,932,419,343,110,274,164,92,55,367,311,233,157,76,330,136,419,181,162,39,71,17989,8925,1722,7342,12934.460613487989,2320.3499624521896,6264.801359397533,48556.2,21586.8,24674.9,38791.51938441581,10676.840975112684,20028.7719968647
49035113511,1210,28,3.06,180,498,126,406,221,401,197,266,125,49,28,37,75,10,22,11,70,62,124,134,197,178,88,100,25,543,54,114,375,6810.793496006936,1415.3228488760458,3287.188210812283,3154.9,651.6,1813.8000000000002,2520.4477390301026,322.28165264807313,1472.2729027438081
49035113802,1155,41,3.7,174,287,201,493,322,542,194,83,14,30,47,82,51,66,46,91,49,105,166,131,194,55,28,14,0,651,294,28,329,6894.345406566414,1330.609188373074,3292.7681470547045,2401,781.1999999999999,1432.2,1918.1574761200914,386.38187085431974,1162.5257753388917
49035980000,0,0,NA,0,0,0,0,0,0,0,0,0,0,0,0,0,0,0,0,0,0,0,0,0,0,0,0,0,25018,12934,542,11542,0,0,0,54003.6,30021.6,25173.199999999997,43143.44401391043,14848.696843369235,20433.24525049643
49035112820,2721,55,3.2,330,908,578,905,328,548,330,671,844,135,56,29,38,70,0,21,20,136,84,287,330,309,362,298,546,2270,94,18,2158,15972.89348199822,3356.102441346541,8576.444348818368,9674.7,2724,4785.4,7729.1120925527075,1347.291623409072,3884.339369715635
49035110702,1693,36,2.93,315,583,285,510,287,523,178,255,450,33,32,35,51,83,53,23,59,68,186,187,178,120,135,213,237,1460,579,63,818,9326.849757170468,1957.488321540688,5116.104203900987,4982.6,1752,2746.6,3980.596185137846,866.5399868622225,2229.432547511381
49035113505,1950,79,3.36,314,560,425,651,450,765,303,350,82,70,46,44,112,80,98,110,60,111,259,225,303,193,157,58,24,761,35,252,474,11214.886245416747,2223.5386771494987,5342.108973898362,5165.3,913.1999999999999,3035.5,4126.555106790132,451.66913013845976,2463.9345000985936
49035113107,8101,64,3.85,900,1716,1250,4235,628,2292,1503,2397,1281,161,0,79,183,115,90,302,366,229,345,1050,1503,1174,1223,958,323,4308,837,616,2855,51248.65991894014,10749.234595934868,25026.072683656927,21423.5,5169.5999999999995,12171.3,17115.22144508904,2556.886481782503,9879.520995239669
49045130702,4831,91,3.61,400,1018,1060,2353,258,1053,1427,1513,580,40,43,61,0,20,94,95,105,100,312,441,1427,865,648,461,119,3259,1226,213,1820,31012.072378551075,6203.274379129665,15305.0717154425,12399.099999999999,3910.7999999999997,7060.7,9905.63363688489,1934.2834364273856,5731.214733930536
49035113803,2200,0,4.14,202,485,275,1238,292,712,418,538,240,0,37,98,142,0,15,79,98,28,152,355,418,418,120,240,0,1488,135,257,1096,14196.93231997788,2913.5936396180064,6718.336475317773,7629.3,1785.6,4129.8,6095.043245548944,883.1585619527308,3352.1847137233317
49035111802,1230,149,2.08,529,402,152,147,448,365,226,139,52,101,88,122,57,23,57,26,19,64,145,111,226,41,98,30,22,2366,150,745,1471,5113.041312408777,934.6297283869175,2552.857769336039,12372.5,2839.2,6373.9,9884.382912659654,1404.2695951479577,5173.734841106383
49035110600,1867,34,3,283,744,225,615,243,396,205,433,590,10,52,23,8,83,67,20,55,50,82,189,205,244,189,214,376,661,66,15,580,10505.970497558052,2260.760938354598,5650.874296835335,3509.1,793.1999999999999,2035.7,2803.4179089766817,392.31707624378697,1652.3905326472434
49035112816,1681,69,3.47,243,420,209,809,84,445,144,331,677,0,32,44,0,8,0,28,43,73,99,202,144,220,111,246,431,5057,1440,494,3123,10189.32434368997,2250.4694182030807,5785.216439641745,17264.8,6068.4,8422.6,13792.838481348668,3001.4333654536017,6836.677555766898
49035112617,1058,16,3.3,100,342,192,424,106,147,128,260,417,48,0,8,0,35,15,22,17,7,35,66,128,82,178,271,146,949,68,32,849,6448.132777020745,1362.1200681796345,3536.711443910658,4028.5,1138.8,2007.7999999999997,3218.366260953681,563.2509914604447,1629.7439266341478
49035112605,3068,189,2.44,805,1176,555,532,497,1052,606,634,279,161,15,65,51,125,80,189,56,130,377,300,606,312,322,210,69,17568,4910,1182,11476,15142.23982288958,3107.722114006772,7929.868033122558,55679.4,21081.6,25917.6,44482.239640100386,10426.968828216111,21037.47942670246
49035113012,1646,48,3.55,213,554,221,658,204,154,184,456,648,34,34,22,18,36,60,22,21,41,44,26,184,264,192,319,329,9162,1796,455,6911,9724.72685414767,2064.6436290499705,5207.46312756577,30419.9,10994.4,13699.5,24302.4400698982,5437.835177829918,11119.970576215017
49035100700,1647,165,1.88,814,534,145,154,503,488,163,279,214,102,56,78,87,98,82,56,55,88,89,200,163,197,82,144,70,1488,60,42,1386,6299.269084015091,1291.4650395692292,3317.2413747464943,6398.7,1785.6,3156,5111.917635339287,883.1585619527308,2561.7451102985215
49035100100,774,131,2.33,221,365,87,101,272,233,132,76,61,93,14,33,24,59,49,4,17,45,71,96,132,52,24,46,15,6135,1708,314,4113,3594.694079617315,678.1660016700163,1790.4321198110024,18770.5,7362,8552.4,14995.741318414068,3641.2485064381744,6942.037034637856
49035112904,1968,92,3.48,328,482,338,820,347,719,290,500,112,63,42,32,34,75,101,20,72,154,178,295,290,414,86,100,12,443,59,56,328,11583.72033416266,2384.013711913828,5378.500095831527,3037.3,531.6,1932.7,2426.4971687711595,262.9295987534004,1568.7847828497947
49035102701,1735,68,3.25,349,444,328,614,566,814,177,160,18,23,26,94,94,209,120,151,228,77,201,157,177,106,54,9,9,137,21,8,108,9769.071794941827,1900.6601016617096,4539.286795147836,1674.4,164.4,1240.3,1337.677167020192,81.3123138357017,1006.7593346968491
49035112921,1209,14,3.41,214,333,247,415,158,428,237,239,147,15,4,36,17,27,59,73,25,25,126,179,237,161,78,44,103,2171,487,761,923,6895.966925731861,1407.8373683195853,3566.468754376023,10810.1,2605.2,5837.8,8636.18247921941,1288.5330900533459,4738.579089005294
49035112613,1564,30,3.28,203,548,210,603,137,335,296,367,429,44,9,13,9,31,31,40,24,41,94,136,296,191,176,280,149,1971,334,425,1212,9178.92094882797,1929.2830115390616,4934.085621653709,9140.6,2365.2,4799.7,7302.419919293339,1169.8289822640004,3895.946769930232
49035114100,1326,48,2.26,534,454,95,243,236,391,179,243,277,65,29,35,16,44,47,106,67,28,90,100,179,150,93,84,193,5093,641,1085,3367,5755.79975403214,1242.8395184303802,3253.5927914423983,22275.4,6111.5999999999995,10929.4,17795.8038498815,3022.800104855684,8871.462930448879
49035112001,1513,67,2.23,539,517,273,184,420,614,199,159,121,109,61,86,29,110,25,86,126,62,198,142,199,75,84,72,49,1766,163,382,1221,6791.028491729503,1350.427925647476,3607.3527701773833,8655.5,2119.2,4494.0999999999995,6914.873816975198,1048.157271779921,3647.889321987511
49035112002,2033,216,2.34,631,835,325,242,545,700,366,263,159,103,87,87,68,78,122,169,58,69,191,213,366,173,90,106,53,3059,282,327,2450,9355.635462703776,1830.7529029497694,4887.771998088014,12942.3,3670.7999999999997,6327.7,10339.595794747629,1815.57932863804,5136.234009643838
49035110500,2157,15,2.77,483,685,373,616,322,513,347,500,475,38,84,65,45,53,37,53,36,49,149,226,347,236,264,220,255,1034,116,76,842,11539.316611442835,2390.29765847848,6128.043306975632,5176.5,1240.8,2888.2,4135.502780148127,613.7002372709164,2344.3701608251554
49035112810,3156,39,3.94,132,849,644,1531,174,561,556,803,1062,28,30,71,14,16,15,102,71,10,60,318,556,482,321,590,472,3768,2075,147,1546,20596.319150352978,4296.138611466393,11055.798767797223,10307.5,4521.5999999999995,5786.4,8234.655637279402,2236.38539075127,4696.857384737441
49035114600,2052,22,3.32,249,669,340,794,124,425,352,566,585,0,0,0,40,55,29,57,26,126,71,145,352,288,278,269,316,1414,573,157,684,12202.20575448311,2600.2484109089746,6526.650978139962,5550.299999999999,1696.8,3213.2,4434.131378471196,839.2380420706729,2608.1747111569102
49035112616,1434,97,3.13,226,490,155,563,124,329,194,299,488,11,0,13,0,73,27,57,35,18,85,134,194,164,135,206,282,798,55,44,699,8256.957638711976,1783.9655835224944,4594.135108163312,3858.4,957.5999999999999,2073.3,3082.473471829138,473.6293900794887,1682.910689854856
49035111304,1277,8,2.73,279,517,129,352,119,332,139,267,420,0,0,31,55,27,6,32,11,55,152,82,139,145,122,180,240,683,161,199,323,6685.561875485385,1484.879856497165,3819.02782313619,3808.7,819.6,2234.2,3042.768171303037,405.374528100615,1813.5142349267924
49035110701,1438,29,2.92,319,362,417,340,317,427,209,277,208,53,17,19,50,91,87,33,30,90,177,97,209,198,79,89,119,697,70,20,607,7761.322998508607,1523.4207250256732,4004.4612666726853,3348.1,836.4,1841.6,2674.7951044555093,413.68381564586923,1494.8383381260319
49035112917,1248,32,3.25,146,439,224,439,184,445,130,340,149,19,42,52,0,41,30,66,68,37,121,153,130,219,121,95,54,1549,102,157,1290,7347.113507878185,1566.3092830436433,3509.3591427771726,6778.799999999999,1858.8,3343.7,5415.579299926228,919.3633148284812,2714.1023844439687
49035101700,1991,261,1.84,931,771,189,100,662,764,306,149,110,131,71,79,154,148,79,118,71,99,233,243,306,101,48,46,64,1257,67,91,1099,7578.978176771737,1470.7141702085278,4085.5661835173414,6051.5,1508.3999999999999,3194.3999999999996,4834.539761241455,746.0553174560366,2592.9146325531037
49035112814,1435,94,3.1,117,572,231,515,222,182,142,242,647,61,28,9,55,10,59,0,18,9,57,98,142,152,90,224,423,477,110,11,356,8603.259394178376,1795.0419266090476,4879.867336153162,2419.9,572.4,1466.1,1933.2566749117075,283.10929707758913,1190.0426192042655
49035113102,1040,0,3.71,35,297,289,419,98,233,266,218,225,0,0,13,13,19,53,0,0,6,75,152,266,161,57,111,114,2306,236,242,1828,6699.438780630985,1319.5890378016934,3554.999273738187,9324,2767.2,4438.6,7448.938070530501,1368.658362811154,3602.839621853935
49035104400,671,25,2.73,140,283,69,179,64,122,59,122,304,19,0,7,0,38,0,26,25,6,23,42,59,45,77,72,232,332,24,45,263,3520.468195545433,782.0912487335596,2134.5830869368433,1785,398.4,994.3,1426.0354414303888,197.0488189303136,807.0795827534284
49035102100,1213,283,1.46,839,298,46,30,486,394,100,142,91,162,97,10,132,35,50,55,114,76,63,86,100,104,38,60,31,4535,349,65,4121,3541.1141759666502,694.7711114795691,1879.9796013083862,16062.9,5442,6977.2,12832.641284118874,2691.61564412341,5663.437257152992
49035112502,2534,57,2.35,1015,700,383,436,463,1161,410,373,127,124,132,31,49,16,111,144,271,139,140,467,410,207,166,72,55,8621,991,1714,5916,11237.60727231725,2351.994129795745,6072.004697513163,37571.1,10345.199999999999,18354.1,30015.529508977743,5116.740566259739,14898.138760750979
49035103000,1197,69,2.77,275,404,258,260,290,286,218,292,111,77,24,16,81,47,45,53,65,0,97,71,218,136,156,36,75,1008,15,345,648,6237.087733644867,1215.3032345472095,3012.086354407659,6014.4,1209.6,3254.3999999999996,4804.900593243097,598.2687032583015,2641.6170110758894
49035111202,1709,117,2.61,565,560,197,387,313,533,285,322,256,84,36,31,49,33,80,92,84,37,214,106,285,203,119,163,93,3198,226,923,2049,8129.519267687244,1690.6761985866115,4345.055957925823,16279.2,3837.6,8345.1,13005.443225845145,1898.0786835516353,6773.770316841633
49035110103,1421,21,2.63,246,567,292,316,148,272,192,255,554,71,0,19,28,9,21,48,41,19,49,115,192,110,145,213,341,303,16,28,259,7666.995064558536,1623.7079892286167,4584.0114206875205,2147.6,363.59999999999997,1354.8,1715.7163663954636,179.8367233008585,1099.6997070444984
49035102802,1336,114,4.05,170,240,223,703,325,434,264,233,80,96,57,24,81,18,49,150,69,33,30,152,264,171,62,72,8,6766,2561,942,3263,8417.987709632476,1622.4243433372594,3899.888259850066,22061.2,8119.2,11077.7,17624.679596909853,4015.75996651356,8991.838976031031
49035112813,1621,19,3.23,156,625,272,568,168,295,172,450,536,20,10,21,50,48,19,16,28,28,113,110,172,221,229,167,369,583,144,35,404,9619.669025582003,2069.2628950464346,5091.985946509903,2943.5,699.6,1774.6999999999998,2351.5604043979547,346.0224742059423,1440.535186073126
49035112804,1752,38,3.27,138,662,361,591,192,309,256,690,305,36,9,27,47,40,33,15,40,41,74,139,256,346,344,209,96,1006,142,71,793,10534.841258914435,2226.8962555477096,4943.243749006221,4697.7,1207.2,2566.1,3752.989744093858,597.0816621804081,2082.919558788668
49035112905,1683,19,3.39,208,572,318,585,277,352,164,443,447,36,48,62,0,57,74,59,64,15,103,111,164,259,184,294,153,205,82,4,119,9876.193876956664,2069.306100081522,5016.091699753478,1685.6,246,1236.1999999999998,1346.6248403781865,121.67171048407918,1003.4313388311253
49035102801,1820,63,3.73,284,548,209,779,451,791,296,149,133,77,100,123,24,40,87,164,69,108,234,216,296,119,30,62,71,2078,1495,73,510,10679.0416643292,2121.785334094578,5250.100842142333,4718.7,2493.6,2896.6,3769.766631640098,1233.3356799313003,2351.1884938183453
49045130701,1132,6,3.82,143,303,164,522,114,284,216,344,174,61,21,0,10,14,8,0,57,63,76,88,216,166,178,110,64,1301,434,314,553,6902.6286390867235,1440.092649613686,3349.1641988542974,5669.299999999999,1561.2,3146.2,4529.200407899889,772.1702211696928,2553.790388473133
49035112812,1864,109,3.05,316,588,363,597,321,627,310,416,190,86,55,0,49,93,38,62,125,61,170,209,310,267,149,108,82,1081,77,326,678,10537.152740186793,2150.272354561272,5199.66354668821,6470.1,1297.2,3638.2999999999997,5168.959052996503,641.5957026014127,2953.231062990846
49035110300,2324,28,2.6,514,978,367,465,303,664,396,561,400,59,38,44,32,98,32,42,99,54,298,171,396,420,141,219,181,1009,135,322,552,11871.742782890224,2515.1435159715597,6296.823296127124,6358.1,1210.8,3748.1000000000004,5079.482319416557,598.8622237972482,3042.356415687544
49035114200,1700,15,3.1,257,649,269,525,307,477,301,405,210,38,26,63,52,72,56,36,42,59,152,188,301,234,171,145,65,1884,296,142,1446,9569.251137316525,1951.3470836149613,4684.1223874680045,7651,2260.7999999999997,3859.8,6112.379362680058,1118.192695375635,3133.0240103707965
49035113411,758,19,4.02,79,167,154,358,107,167,249,153,82,8,6,39,6,24,24,26,13,11,28,89,249,99,54,71,11,459,18,157,284,4764.599795374394,900.5347577385836,2395.0205823922925,2856,550.8,1599.3,2281.6567062886215,272.42592737654803,1298.1618995248496
49035102000,1453,221,1.84,737,507,118,91,607,461,156,127,102,141,100,68,97,129,72,66,94,42,201,58,156,46,81,30,72,2653,189,851,1613,5360.905151627436,1003.9305581581267,2700.7566464507654,13943.300000000001,3183.6,7224.2,11139.294101118398,1574.6099898256687,5863.928715405126
49035113514,2547,273,2.55,847,702,375,623,959,1033,364,138,53,190,61,244,143,195,126,255,168,68,342,200,364,101,37,42,11,580,58,26,496,12342.639186928654,2291.8125389845472,5979.498099511681,3777.8999999999996,696,2373.8,3018.162069568552,344.24191258910207,1926.8284356231404
49035113011,1879,94,3.25,320,634,329,596,280,347,311,378,563,70,38,123,16,14,19,49,36,38,64,160,311,231,147,281,282,3563,447,437,2679,10547.409202984985,2159.116433537636,5786.137779329995,14675.5,4275.5999999999995,7155.4,11724.248246897294,2114.7136802671907,5808.083321365665
49035101000,1408,105,2.14,563,437,234,174,255,298,169,326,360,27,56,68,18,54,32,37,47,54,67,93,169,155,171,132,228,667,194,1,472,6096.1191775353545,1291.1710977556324,3491.423056353129,2781.8,800.4,1607.3,2222.3783702919077,395.8781994774674,1304.6555499945543
49035104900,1316,78,2.3,514,387,144,271,289,568,218,164,77,106,44,67,46,11,15,142,59,46,95,226,218,124,40,77,0,450,48,137,265,5917.5578173559525,1215.6884350096427,3138.2898816959614,3033.1,540,1828.5,2423.1417912619113,267.0842425260275,1484.2049854818906
49035112821,1888,72,3.5,185,563,243,897,225,262,109,416,876,89,7,27,35,30,37,6,42,54,90,70,109,192,224,248,628,544,125,20,399,11713.738529719567,2524.7137750555326,6453.990927528514,2973.6,652.8,1847.8999999999999,2375.607276547565,322.8751731870198,1499.9520878709243
49035112805,1503,18,3.51,205,398,283,617,46,394,246,460,357,42,0,0,0,0,4,45,53,67,117,112,246,270,190,215,142,2400,572,390,1438,9007.88352151586,1946.452465392504,4723.810813976011,9761.5,2880,5034,7798.456561077164,1424.4492934721466,4086.12955806171
49035104700,2145,91,2.44,619,757,318,451,362,527,509,488,259,102,95,38,26,24,77,56,51,75,154,191,509,311,177,108,151,667,90,41,536,10510.574922463724,2104.9756881523454,5500.168840799658,3784.9,800.4,2275.1,3023.7543654172987,395.8781994774674,1846.7130229531576
49035112403,3100,187,2.46,975,978,671,476,805,1276,366,335,318,190,70,157,159,105,124,154,97,152,378,495,366,240,95,126,192,9377,3275,1703,4399,14767.296104243323,2953.2380632079467,7877.98669699269,34164.2,11252.4,17660.2,27293.759119392762,5565.442093703466,14334.895753134966
49035103900,1505,31,2.83,290,541,296,378,248,333,236,259,429,61,44,13,51,35,44,39,12,109,48,125,236,142,117,186,243,436,23,111,302,8119.750484678592,1656.432914859713,4547.088046467512,3059,523.1999999999999,1859,2443.833285902274,258.77495498077326,1508.96202789764
49035113305,2759,115,3.05,527,909,486,837,1059,1079,283,191,147,203,90,247,137,193,189,149,145,173,271,341,283,123,68,74,73,16823,4959,592,11272,15202.044137237215,2869.6301236145046,7103.653508093566,49827.4,20187.6,22698.1,39807.080310548205,9984.7960267008,18424.190965800655
49035112916,1503,18,3.26,264,307,362,570,238,617,269,222,157,9,40,16,43,48,82,30,98,71,176,242,269,162,60,127,30,809,376,62,371,8804.774377714808,1766.2436339222645,4557.2868086288945,3134.6,970.8,1900.6,2504.230081068737,480.1581160079027,1542.7290103401044
49035113412,720,6,4.34,23,166,181,350,63,211,173,184,89,6,0,6,22,12,17,13,9,32,95,62,173,129,55,66,23,597,47,139,411,4774.137475620215,956.847313110202,2361.0887513572175,3143,716.4,1684.2000000000003,2510.9408360872335,354.3317617511964,1367.0757651345914
49035112609,1726,51,3.1,262,581,337,546,180,363,260,372,551,21,30,16,23,65,25,39,69,17,110,128,260,279,93,289,262,794,115,218,461,9840.614097906846,2064.996029564334,5492.041825408771,4733.4,952.8,2763.1,3781.5104529224654,471.25530792370176,2242.825701605147
49035111302,2222,9,2.92,317,850,474,581,216,506,358,569,573,75,8,46,0,11,76,38,40,38,27,363,358,359,210,259,314,709,137,69,503,12468.505017750898,2627.542689716173,6751.27556281753,3991.4,850.8,2430.2,3188.7270929553238,420.8060621132299,1972.6086714345586
49035110200,1848,19,2.79,317,814,286,431,238,355,265,553,437,0,59,31,43,46,59,10,25,18,118,184,265,317,236,253,184,1893,159,589,1145,9896.249030314497,2113.4011502104613,5118.396046153556,10360,2271.6,5559.6,8276.597856145001,1123.5343802261555,4512.762393921313
49035112612,1883,168,2.88,416,751,177,539,366,513,412,342,250,96,61,84,96,0,29,48,54,112,108,191,412,231,111,211,39,1989,136,643,1210,9876.981620749011,1985.8263159541107,5059.682552618732,11049.5,2386.7999999999997,5913.9,8827.438997246543,1180.5123519650413,4800.349939098361
49035111903,1834,85,2.35,611,641,278,304,431,639,280,329,155,81,56,57,49,51,137,109,135,38,144,213,280,199,130,127,28,7757,193,227,7337,8509.33402597784,1728.6766041606895,4359.528539607969,29005.2,9308.4,12535.599999999999,23172.237078866507,4603.9388206097665,10175.225603503848
49035111101,2622,48,2.36,935,846,381,460,571,818,275,479,479,68,40,119,112,110,122,125,68,67,198,360,275,305,174,253,226,2843,283,42,2518,12007.320219065416,2520.719556327253,6489.486610061259,11199.3,3411.6,5437.3,8947.11412840972,1687.378892225547,4413.4907123657
49035111103,2549,147,2.18,1030,917,312,290,595,757,226,537,434,177,46,47,162,70,93,159,72,105,168,253,226,304,233,231,203,1947,195,57,1695,10770.090148400091,2301.4025943721135,5747.191657419832,8332.1,2336.4,4267.8,6656.509748763105,1155.5844893292788,3464.2001843257385
49035112608,1613,0,3.4,126,560,292,635,247,248,253,541,324,7,46,45,35,47,67,26,32,24,65,101,253,333,208,204,120,1191,140,54,997,9885.942755653492,2032.2386077715335,4694.077854372092,5170.2,1429.2,2687.3999999999996,4130.469713884255,706.8829618855528,2181.379534035566
49035112818,0,0,NA,0,0,0,0,0,0,0,0,0,0,0,0,0,0,0,0,0,0,0,0,0,0,0,0,0,1767,268,13,1486,0,0,0,5497.8,2120.4,2275.5,4392.189159605597,1048.750792318868,1847.0377054766432
49035112615,732,5,3.32,49,274,139,270,23,124,127,207,251,14,2,0,0,1,6,11,22,0,25,66,127,106,101,127,124,548,131,64,353,4474.213372933554,957.7993367209787,2456.1751621235744,2377.2,657.6,1299.7,1899.1436702343528,325.2492553428068,1054.974689434407
49035112302,1378,38,2.82,372,435,228,343,202,531,275,249,121,0,7,26,42,55,72,77,17,119,153,165,275,122,127,30,91,7937,270,2699,4968,7013.589002165028,1445.892098823929,3701.0100811873763,41213.2,9524.4,20602.3,32925.20103908061,4710.7725176201775,16723.016883999757
49035112618,1267,47,2.7,376,360,220,311,184,384,177,173,349,9,30,69,26,50,0,16,17,83,146,122,177,73,100,132,217,773,92,8,673,6340.707615995902,1328.920137326067,3727.6751108489757,3374,927.5999999999999,1786,2695.486599095872,458.7913766058205,1449.7074673615841
49035100308,1308,149,3.39,211,272,322,503,590,507,109,60,42,92,222,92,47,0,137,73,52,58,169,155,109,28,32,28,14,638,62,299,277,7752.781489894496,1397.3022126096796,3477.3068222010734,4440.1,765.6,2608.8999999999996,3547.1932568599823,378.66610384801226,2117.660588801588
49035112815,1553,0,3.4,97,540,239,677,50,306,176,276,745,41,0,0,0,9,0,21,52,40,47,146,176,178,98,306,439,622,114,92,416,9711.36631244271,2116.294278403402,5727.927072130973,3395.7,746.4,2003.6,2712.8227162269864,369.1697752248646,1626.334760137553
49035111904,1735,392,1.86,890,562,123,160,500,742,251,112,130,151,64,66,40,110,69,73,124,82,273,190,251,80,32,71,59,1466,33,357,1076,6479.479992399098,1313.0890502115087,3668.446221170242,8002.4,1759.2,4241.8,6393.112614287138,870.1011100959029,3443.095820299198
49035111102,2643,45,2.33,850,1098,240,455,574,936,366,292,475,58,36,164,74,172,70,138,125,170,147,356,366,89,203,220,255,1217,116,80,1021,12172.19434908279,2545.2725835025167,6807.76223250268,6176.8,1460.3999999999999,3449.2,4934.641856934019,722.3144958981676,2799.7374000132004
49035102500,2290,624,1.62,1379,680,177,54,973,762,162,325,68,278,206,119,170,111,89,67,97,113,135,350,162,135,190,40,28,13791,3851,612,9328,7483.284670970865,1443.1682296188862,3558.546171970645,42087.5,16549.2,19235.1,33623.67879058906,8185.241752614323,15613.252018727215
49035112404,1710,174,2.27,664,560,192,294,598,681,239,152,40,54,87,119,92,152,94,92,82,54,159,294,239,112,40,40,0,3668,1237,439,1992,7553.888311395166,1449.9031839095474,3713.072399848987,12722.5,4401.5999999999995,6496.6,10163.997705096986,2177.033336856597,5273.33120518548
49035102600,1348,89,3.34,318,308,394,328,624,361,212,100,51,114,28,130,83,140,129,18,79,72,96,96,212,55,45,28,23,4560,3324,175,1061,7242.655898180421,1217.9322405850244,3344.1569323779686,8453.9,5472,4778.7,6753.8156965312955,2706.4536575970787,3878.900937447257
49045980000,0,0,NA,0,0,0,0,0,0,0,0,0,0,0,0,0,0,0,0,0,0,0,0,0,0,0,0,0,26,0,0,26,0,0,0,91,31.2,36.4,72.69984603370608,15.431534012614922,29.546109637156583
49035113007,1356,22,3.67,104,445,230,577,41,276,348,299,392,9,0,0,8,16,8,22,0,58,28,168,348,250,49,250,142,355,141,4,210,8409.708993676131,1738.0225835775996,4664.832703360402,1816.4999999999998,426,1196.9,1451.2007727497482,210.69979132608836,971.531280898701
49035112201,1750,28,3,426,543,299,482,265,661,205,408,211,25,47,38,50,33,72,104,78,67,210,202,205,246,162,152,59,2794,89,307,2398,9197.16349986199,1965.8519510299825,4655.111540045986,12259.1,3352.7999999999997,5894.6,9793.787719909958,1658.296385817157,4784.684007340198
49045131100,2729,136,3.1,442,818,549,920,319,1252,395,626,137,31,102,16,35,51,84,152,141,229,217,513,395,435,191,101,36,1311,266,6,1039,15643.273290322555,3322.8016241274886,7687.332529057059,5783.4,1573.2,3253.2,4620.354830234459,778.10542655916,2640.642963505434
49035112912,736,0,3.43,64,220,155,297,88,213,171,160,104,5,0,31,9,15,28,27,45,0,66,75,171,56,104,80,24,2776,72,1325,1379,4540.878970675735,910.4989364590604,2306.4724044666295,16522.1,3331.2,8635.7,13199.495891796652,1647.6130161161161,7009.652170153658
49035100200,543,50,2.56,101,233,134,75,58,101,42,134,208,5,4,21,16,0,12,0,20,0,11,70,42,78,56,48,160,903,778,30,95,2817.525155387913,614.1346679572493,1650.934086604451,1509.1999999999998,1083.6,988.8,1205.6989849897716,535.9490466688951,802.6151980555063
49035112817,3182,67,2.9,565,1226,529,862,315,703,644,810,710,57,20,30,91,45,72,71,70,82,176,304,644,537,273,387,323,33591,10254,8735,14602,17350.950239360704,3627.2405355965493,9326.461702153583,133886.2,40309.2,68533.5,106961.60578063714,19936.94842375953,55629.074308188756
49035112301,1452,59,2.65,399,513,158,382,425,522,123,222,160,60,82,26,76,95,86,61,70,94,118,179,123,166,56,97,63,3775,102,266,3407,7301.294725227274,1492.329720801375,3541.9951140684784,15246.7,4530,6942.199999999999,12180.579588155018,2240.5400345238972,5635.027536348033
49035103400,1832,50,2.37,553,706,261,312,318,564,233,409,308,57,54,7,96,47,57,71,92,48,161,192,233,171,238,169,139,753,111,113,529,8685.958701744872,1855.1089619776162,4616.284143836738,4160.8,903.6,2426.4,3324.060652494992,446.920965826886,1969.5241874614487
49035101500,1433,120,2.08,685,417,232,99,679,355,151,47,201,189,65,152,94,62,117,71,109,26,73,76,151,32,15,137,64,1676,15,274,1387,5619.109528675773,965.7039758690757,2973.3990807647747,8169.7,2011.1999999999998,4096.9,6526.768485072183,994.7404232747156,3325.47957616667
49035113510,1050,20,3.25,266,326,108,350,181,377,172,239,81,28,41,65,12,8,27,24,76,69,49,159,172,132,107,66,15,2741,50,109,2582,5541.645126840967,1160.2896640327053,2697.784950682937,10722.6,3289.2,4782.1,8566.278781110075,1626.8397972529806,3881.6607388968823
49035113105,1620,20,3.69,179,409,221,811,153,321,354,474,318,10,0,0,40,42,61,10,41,39,56,175,354,266,208,249,69,1595,1335,5,255,10113.230368267763,2080.298227040518,5011.001964181435,3003,1914,2020,2399.094919112301,946.6652596200307,1639.646743600448
49035114800,1232,18,2.86,147,553,224,308,63,94,30,251,794,38,0,8,0,0,17,7,7,9,23,48,30,113,138,127,667,505,45,0,460,6912.841043833101,1563.1001127895597,4426.3496717220605,2503.9,606,1405.6999999999998,2000.3642250966668,299.7278721680975,1141.0155581579947
49035110402,1317,33,2.85,293,439,115,470,165,424,222,193,313,17,18,75,16,7,32,22,48,68,95,191,222,98,95,152,161,870,42,46,782,7136.931686127951,1511.305888567196,3957.924404755597,4074.7,1044,2122.2,3255.2754135554082,516.362868883653,1722.603128350926
49035113600,1558,84,3.45,186,450,270,652,382,748,267,124,37,7,49,36,76,104,110,121,62,175,178,212,267,67,57,29,8,667,72,63,532,9423.358632336503,1850.2489557711021,4565.0218367057005,3532.2,800.4,2011.7,2821.8724852775454,395.8781994774674,1632.9095812381292
49035114300,6394,66,3.17,1174,1688,1066,2466,923,1885,886,1581,1119,284,0,72,133,280,154,243,301,153,488,700,886,950,631,846,273,4544,734,727,3083,36703.17758820305,7676.969077437303,18433.11320591001,21886.9,5452.8,11936.5,17485.431430276065,2696.9573289739305,9688.932353953835
49035115209,3096,97,3.53,350,649,728,1369,416,750,419,662,849,42,33,9,84,95,153,154,134,58,232,172,419,480,182,512,337,7964,5492,249,2223,19267.439140226867,3942.617099972432,10136.429161529957,15883.699999999999,9556.8,8886.1,12689.47851039096,4726.797572171739,7212.903429855416
49035104200,2678,82,2.44,720,1030,417,511,186,539,243,665,1045,18,20,17,13,16,102,35,78,0,248,178,243,373,292,274,771,1403,100,124,1179,13185.927177346963,2976.907716754201,7934.823937954843,7112.7,1683.6,3890.2,5682.331811911443,832.709316142259,3157.6998821556745
