GEOID,total_hhsE,no_vehE,avg_hh_sizeE,hh_1personE,hh_2personE,hh_3personE,hh_4person_plusE,inc_quint_1,inc_quint_2,inc_quint_3,inc_quint_4,inc_quint_5,inc_lt_10kE,inc_btw_10k_15kE,inc_btw_15k_20kE,inc_btw_20k_25kE,inc_btw_25k_30kE,inc_btw_30k_35kE,inc_btw_35k_40kE,inc_btw_40k_45kE,inc_btw_45k_50kE,inc_btw_50k_60kE,inc_btw_60k_75kE,inc_btw_75k_100kE,inc_btw_100k_125kE,inc_btw_125k_150kE,inc_btw_150k_200kE,inc_gt_200kE,total_emp,basic_emp,retail_emp,service_emp
49035112822,1784,239,2.93,524,388,308,564,423,450,227,292,392,30,56,152,84,46,55,53,61,63,114,159,227,170,122,240,152,1365,199,351,815
49035113521,1856,56,3.51,279,433,371,773,203,717,412,381,143,49,26,11,29,18,70,66,29,96,224,302,412,271,110,104,39,1070,49,35,986
49035100306,1772,212,2.99,590,509,189,484,652,814,130,108,68,185,145,47,50,122,103,107,152,126,225,204,130,68,40,0,68,2904,305,110,2489
49035113520,1351,31,3.33,230,424,200,497,233,521,263,274,60,5,27,7,9,42,143,52,49,90,51,279,263,119,155,27,33,3636,44,83,3509
49035112402,2309,97,3.02,453,698,371,787,745,813,327,338,86,116,95,106,225,100,103,68,150,149,159,287,327,179,159,51,35,2275,499,329,1447
49035113310,1062,71,2.63,266,461,157,178,303,429,138,152,40,51,41,48,64,51,48,60,8,69,136,156,138,114,38,27,13,3419,255,702,2462
49035111801,2196,135,2.42,841,530,469,356,507,739,405,396,149,75,106,77,31,164,54,88,217,113,127,194,405,327,69,124,25,2675,361,279,2035
49035113538,808,41,4.03,104,170,90,444,93,348,108,174,85,9,25,0,0,24,35,28,17,25,70,208,108,106,68,61,24,130,11,15,104
49035113017,2080,37,3.38,299,562,356,863,261,621,289,623,286,11,33,47,23,79,68,48,69,93,108,303,289,345,278,158,128,1586,339,101,1146
49035112914,2341,20,2.73,514,884,357,586,343,818,425,546,209,17,7,134,15,132,38,181,150,22,117,348,425,420,126,154,55,1333,165,342,826
49035103300,1973,145,2.05,816,732,216,209,623,524,368,188,270,184,83,33,141,119,63,0,132,61,141,190,368,57,131,74,196,2311,92,192,2027
49035113019,2868,46,3.39,357,868,388,1255,187,628,607,521,925,45,68,0,0,38,36,78,0,45,136,369,607,296,225,337,588,3514,495,1196,1823
49035114000,1640,294,1.47,1027,509,86,18,562,488,131,223,236,148,132,101,56,71,54,26,64,74,143,181,131,142,81,72,164,40196,3871,2688,33637
49035112823,1941,33,2.88,299,761,366,515,146,488,294,508,505,22,29,9,31,12,43,34,46,73,208,127,294,258,250,277,228,3814,286,812,2716
49035113108,1100,11,3.91,63,202,285,550,28,340,159,406,167,7,0,10,0,0,11,8,21,81,34,196,159,264,142,118,49,585,28,0,557
49035113702,774,18,3.2,81,242,192,259,147,304,178,109,36,12,0,18,32,58,27,36,41,62,73,92,178,77,32,29,7,171,41,2,128
49035100500,2167,181,3.01,487,864,285,531,695,797,301,322,52,135,140,58,170,65,127,115,81,142,95,364,301,200,122,52,0,371,13,139,219
49035100600,2280,246,2.76,529,860,493,398,887,794,339,197,63,219,142,85,117,160,164,110,138,180,85,281,339,146,51,63,0,3037,40,131,2866
49045130600,739,114,2.47,219,215,142,163,243,267,66,114,49,53,36,64,28,38,24,34,41,35,56,101,66,32,82,15,34,905,162,33,710
49045131200,1205,19,2.59,318,447,141,299,245,498,176,226,60,18,68,25,28,19,87,49,97,75,147,130,176,156,70,21,39,859,98,10,751
49035111306,1058,21,2.49,280,434,137,207,104,368,135,213,238,49,17,16,14,0,8,28,53,28,156,103,135,106,107,124,114,2121,79,4,2038
49035112907,1425,59,3.35,308,380,157,580,265,394,283,367,116,34,67,48,10,75,31,60,58,73,90,113,283,202,165,74,42,2246,55,328,1863
49035104000,1217,34,2.9,275,329,165,448,126,258,93,344,396,58,9,0,42,17,0,17,59,6,71,105,93,232,112,183,213,1050,97,279,674
49035113801,1386,52,4.25,128,223,275,760,140,593,367,210,76,46,25,0,53,0,16,86,67,107,185,148,367,157,53,45,31,242,86,0,156
49035111702,1810,102,2.49,518,703,259,330,451,839,237,188,95,78,116,39,53,77,88,187,95,37,194,326,237,120,68,44,51,1487,128,199,1160
49035113413,1573,86,3.57,228,448,264,633,316,557,300,298,102,71,64,53,7,67,54,15,130,49,113,250,300,206,92,66,36,589,66,61,462
49035113016,1702,21,3.96,148,285,322,947,131,340,213,370,648,21,0,24,10,66,10,29,11,85,133,82,213,210,160,369,279,3717,278,704,2735
49035113010,2438,336,3.01,512,979,286,661,436,512,298,559,633,120,32,109,46,26,103,39,109,14,130,220,298,313,246,485,148,4284,2757,200,1327
49035113309,1410,146,3.54,281,301,202,626,344,507,199,270,90,56,127,30,57,63,11,23,103,37,164,180,199,209,61,50,40,663,32,142,489
49035113527,1297,4,3.75,168,316,277,536,155,405,254,383,100,10,30,18,8,31,58,78,58,28,62,179,254,223,160,57,43,119,43,0,76
49035111500,848,112,2.2,406,194,121,127,392,318,95,40,3,57,49,47,94,64,81,54,34,39,84,107,95,15,25,3,0,14527,7435,2240,4852
49035113406,1824,88,3.69,349,389,285,801,690,713,241,115,65,80,75,133,129,117,156,202,127,79,168,137,241,35,80,65,0,1029,34,106,889
49035113512,1754,136,2.12,658,598,346,152,614,775,198,119,48,134,80,72,49,184,95,115,167,116,153,224,198,93,26,48,0,4207,659,471,3077
49035113101,1967,28,3.66,160,434,550,823,301,588,343,471,264,17,82,71,0,83,48,63,74,115,89,247,343,273,198,198,66,2638,1808,109,721
49045131002,2919,121,3.1,684,654,398,1183,978,1054,441,334,112,76,174,42,76,279,331,137,146,86,193,492,441,186,148,101,11,1524,365,428,731
49035100307,1321,21,4.01,91,272,248,710,321,394,263,160,183,53,28,28,50,99,63,28,52,61,95,158,263,78,82,113,70,4323,3921,8,394
49035113533,1500,69,3.05,283,448,314,455,132,391,357,369,251,19,50,12,30,10,11,70,61,0,128,132,357,189,180,158,93,878,193,1,684
49035111906,1746,145,2.58,516,645,259,326,488,839,293,65,61,100,66,63,65,89,105,187,87,62,274,229,293,63,2,47,14,818,215,139,464
49035103600,968,0,2.88,205,280,173,310,59,191,100,232,386,23,0,11,16,9,0,0,36,34,59,62,100,121,111,110,276,156,26,0,130
49035103800,981,21,2.49,302,310,138,231,126,219,138,221,277,23,0,36,10,11,46,14,35,10,63,97,138,90,131,141,136,438,22,26,390
49035111201,1116,38,2.58,374,303,188,251,197,239,166,341,173,30,50,43,30,16,28,19,13,71,54,82,166,171,170,69,104,1230,272,176,782
49035113020,5835,134,3.68,922,1096,831,2986,372,1502,826,1648,1487,39,0,55,136,63,79,0,139,96,494,773,826,1152,496,690,797,2401,351,168,1882
49035103100,1877,239,2.35,736,535,317,289,568,567,235,314,193,90,158,83,124,83,30,58,25,70,178,236,235,179,135,126,67,1607,40,29,1538
49035112501,1602,78,2.71,443,490,295,374,367,575,232,311,117,69,51,67,51,100,29,118,115,31,182,129,232,161,150,53,64,989,145,402,442
49035101102,2161,202,1.7,1123,732,244,62,661,752,220,250,278,190,15,87,62,205,102,191,87,89,187,198,220,229,21,204,74,382,30,1,351
49035103200,2154,343,1.87,1224,461,287,182,720,657,357,293,127,154,298,48,52,112,56,67,82,148,174,186,357,272,21,82,45,6775,37,93,6645
49035112819,2405,13,3.42,181,825,392,1007,173,611,247,419,955,86,0,20,18,32,17,112,83,45,129,242,247,228,191,415,540,5181,986,947,3248
49035112610,2193,109,2.68,505,737,413,538,589,562,273,588,181,156,114,78,53,23,165,83,63,48,98,270,273,291,297,139,42,795,296,86,413
49035101800,1712,301,2.07,711,627,257,117,698,531,172,142,169,243,96,77,122,42,118,54,21,55,133,268,172,92,50,63,106,2070,172,553,1345
49035112503,1826,39,2.7,482,557,309,478,361,776,251,279,159,93,80,46,45,36,61,104,104,41,237,290,251,178,101,116,43,1136,590,75,471
49035113536,1084,56,4.09,86,234,234,530,214,323,231,185,131,7,14,56,66,16,55,41,9,4,135,134,231,131,54,109,22,1068,66,410,592
49035113308,1545,174,3.49,310,351,242,642,382,763,186,155,59,21,63,96,54,75,73,106,70,111,210,266,186,118,37,14,45,1163,100,130,933
49035112913,1447,0,3.63,177,465,176,629,135,409,346,297,260,37,0,48,8,17,25,44,46,0,95,224,346,138,159,169,91,533,72,77,384
49035101900,1561,527,1.52,1002,452,61,46,682,500,120,141,118,362,10,65,43,108,94,52,68,71,162,147,120,100,41,46,72,5479,352,472,4655
49035113513,2021,199,2.98,548,566,247,660,379,1005,297,232,108,0,19,111,119,97,33,115,207,108,209,366,297,151,81,49,59,3547,179,939,2429
49035112202,1456,0,2.7,362,483,285,326,266,531,127,378,154,26,41,60,54,54,31,73,71,102,199,86,127,238,140,115,39,6112,2290,1255,2567
49035113013,1352,9,3.84,83,363,206,700,74,196,173,419,490,15,0,0,28,9,22,0,11,31,37,117,173,257,162,296,194,1889,300,195,1394
49035113509,2233,133,3.18,422,658,409,744,490,907,373,390,73,43,45,6,128,26,242,142,110,84,288,283,373,252,138,58,15,1018,202,526,290
49035102300,1634,541,1.75,1018,347,120,149,992,307,98,207,30,123,346,169,89,142,123,21,71,67,70,78,98,139,68,18,12,3802,920,221,2661
49035113306,2107,199,2.85,482,699,439,487,965,666,223,171,82,215,79,167,44,174,286,84,116,103,180,183,223,113,58,27,55,837,91,115,631
49035101101,1111,82,1.63,651,352,65,43,386,353,98,218,56,49,54,55,67,93,68,29,31,80,66,147,98,113,105,25,31,690,14,150,526
49035112920,1782,169,2.54,503,648,291,340,511,465,330,256,220,85,155,96,63,66,46,55,58,29,175,148,330,145,111,125,95,1357,107,476,774
49045130703,2655,106,3.47,358,765,380,1152,348,813,388,754,352,11,69,19,61,64,124,118,90,116,176,313,388,396,358,248,104,2537,1787,45,705
49035113528,1457,0,3.63,54,420,232,751,146,475,407,309,120,11,20,9,22,84,0,21,7,42,99,306,407,245,64,80,40,68,53,0,15
49035113532,1015,5,3.15,147,343,169,356,150,271,214,279,101,27,8,49,9,31,26,26,0,63,77,105,214,192,87,91,10,473,41,15,417
49035113014,1455,8,3.28,236,408,234,577,143,415,328,348,221,25,58,8,0,25,27,42,38,21,87,227,328,212,136,157,64,1109,213,242,654
49035113408,1679,48,3.87,132,509,286,752,202,678,377,303,119,31,18,0,45,94,14,135,30,56,204,253,377,238,65,91,28,222,86,21,115
49035113008,1771,8,3.7,110,538,337,786,85,298,179,580,629,0,12,7,46,10,10,54,8,20,15,201,179,274,306,317,312,757,176,14,567
49035102702,1114,97,3.5,115,347,170,482,489,447,109,57,12,171,23,65,67,46,117,58,68,44,97,180,109,57,0,12,0,1426,960,21,445
49035101200,2124,70,1.94,885,825,238,176,616,592,180,261,475,55,142,88,96,128,107,65,51,54,204,218,180,132,129,119,356,737,106,25,606
49035110900,1508,28,2.94,213,581,252,462,152,360,166,190,640,38,10,25,0,61,18,25,28,33,88,186,166,85,105,195,445,773,136,74,563
49035113903,1418,37,3.52,195,392,244,587,246,498,276,341,57,41,0,74,34,64,33,40,93,77,96,192,276,156,185,48,9,449,64,10,375
49035103700,1051,14,2.5,283,291,228,249,128,188,161,156,418,19,29,10,9,39,22,17,47,8,42,74,161,88,68,145,273,428,33,74,321
49035113537,1002,25,3.6,175,288,133,406,167,377,173,188,97,20,18,23,14,61,31,24,63,32,50,208,173,113,75,69,28,142,29,8,105
49035113409,1358,19,3.71,188,269,237,664,226,480,294,194,164,49,29,26,48,7,67,19,49,35,117,260,294,159,35,117,47,907,156,359,392
49035104100,1125,68,2.65,287,395,135,308,206,196,91,186,446,34,27,40,6,99,0,22,37,19,102,16,91,142,44,123,323,267,55,9,203
49035112604,1593,48,3.23,251,508,278,556,292,516,238,395,152,56,8,25,53,107,43,34,27,75,100,280,238,287,108,102,50,2807,126,225,2456
49045130800,1732,57,3.22,291,434,403,604,534,449,150,394,205,104,49,96,11,175,99,16,20,116,45,252,150,227,167,109,96,1409,322,114,973
49045130900,1766,180,2.84,534,422,230,580,688,647,276,120,35,114,16,143,197,126,92,25,61,170,229,162,276,83,37,28,7,1505,35,641,829
49035113905,1914,33,3.91,160,531,254,969,300,795,392,349,78,44,30,91,15,26,94,94,163,89,144,305,392,218,131,61,17,1153,233,333,587
49035110104,1937,23,2.84,322,722,288,605,209,236,222,392,878,90,25,23,20,0,51,18,42,32,60,84,222,210,182,172,706,1512,142,208,1162
49035113701,1108,28,3.52,144,389,160,415,195,440,214,161,98,14,8,36,47,21,69,115,0,63,148,114,214,148,13,47,51,292,15,134,143
49035112700,1872,116,2.96,511,444,317,600,505,654,269,290,154,127,26,117,57,71,107,48,87,76,200,243,269,130,160,95,59,2541,504,200,1837
49035111400,2873,232,2.45,1003,983,267,620,667,1450,350,267,139,246,129,97,78,86,31,301,106,244,274,525,350,170,97,61,78,1560,126,389,1045
49035113907,2158,28,3.7,346,288,311,1213,234,734,477,562,151,30,24,59,14,64,43,59,137,72,308,158,477,420,142,101,50,1057,783,22,252
49035101400,677,122,2.48,184,326,54,113,412,152,82,2,29,149,26,16,101,77,43,44,6,50,35,17,82,2,0,12,17,25974,2010,15,23949
49035113523,1794,28,3.15,327,494,269,704,344,792,266,276,116,78,10,16,107,61,72,89,159,102,253,189,266,200,76,64,52,707,148,93,466
49035114700,1487,82,3.04,350,496,197,444,226,677,262,266,56,16,33,39,25,38,75,66,67,43,191,310,262,213,53,48,8,1839,1054,34,751
49035113904,1610,8,3.29,239,500,224,647,327,690,257,268,68,54,43,12,90,74,54,9,122,52,188,319,257,184,84,68,0,271,46,34,191
49035100800,1420,211,1.77,700,545,131,44,445,559,127,158,131,72,54,54,75,96,94,83,59,80,134,203,127,125,33,65,66,1176,81,84,1011
49035113407,2827,103,3.5,401,604,598,1224,351,782,649,792,253,53,24,66,56,74,78,63,56,155,240,268,649,548,244,198,55,2650,1075,762,813
49035113526,1403,9,4.23,84,304,240,775,176,553,315,285,74,10,0,20,0,86,60,63,32,56,143,259,315,164,121,25,49,1071,511,10,550
49035111701,2153,271,2.87,525,569,398,661,1065,595,243,169,81,111,215,205,195,149,190,114,155,124,144,58,243,68,101,43,38,1272,210,323,739
49035114500,2279,58,3.74,365,541,419,954,397,786,551,350,195,22,44,64,36,124,107,115,138,50,229,254,551,228,122,91,104,63805,39077,3321,21407
49035111905,1534,131,2.36,474,544,217,299,616,450,183,131,154,99,92,109,95,146,75,57,90,24,123,156,183,75,56,95,59,2032,168,309,1555
49035110102,1572,9,2.6,300,676,249,347,147,330,114,294,687,9,23,35,29,17,34,44,51,25,87,123,114,183,111,138,549,3460,90,13,3357
49035111002,2316,104,2.4,792,813,266,445,309,602,215,569,621,76,39,27,91,48,28,23,30,118,136,295,215,330,239,290,331,12054,2338,343,9373
49035110800,2174,121,2.6,612,815,239,508,413,795,282,242,442,70,81,68,0,72,122,98,117,131,212,237,282,156,86,103,339,24031,298,421,23312
49035113906,1452,166,2.83,445,338,274,395,488,702,92,106,64,94,99,85,37,87,86,43,127,89,182,261,92,89,17,54,10,6657,5320,198,1139
49035113522,1071,0,3.21,187,395,196,293,139,264,278,205,185,12,30,24,14,50,9,40,9,16,56,143,278,159,46,99,86,325,39,38,248
49035111305,1416,51,2.77,257,531,249,379,230,365,217,239,365,80,0,26,41,25,58,52,51,77,91,94,217,159,80,212,153,1206,91,128,987
49035111001,1436,25,2.91,255,501,315,365,180,308,118,285,545,70,35,15,6,41,13,32,27,58,62,129,118,176,109,197,348,1226,109,283,834
49035110401,1391,266,2.4,564,327,196,304,345,378,167,232,269,32,47,54,116,75,21,27,51,91,87,122,167,143,89,74,195,2207,191,316,1700
49035101600,1732,370,2.07,807,485,270,170,724,472,134,237,165,242,95,120,74,91,102,92,65,69,104,142,134,97,140,88,77,836,23,151,662
49035113307,1896,54,3.48,414,464,225,793,508,872,211,243,62,80,179,124,59,10,56,48,168,118,300,238,211,159,84,30,32,9391,6140,157,3094
49035113525,1895,21,4.53,82,364,286,1163,59,592,354,642,248,9,0,7,0,43,0,41,108,87,125,231,354,471,171,98,150,2885,2185,22,678
49035113534,2038,40,3.82,185,430,409,1014,88,531,447,681,291,0,0,20,10,6,52,33,93,23,174,208,447,406,275,237,54,277,94,25,158
49035112918,1727,29,3.2,313,511,300,603,243,845,262,231,146,54,30,0,23,55,81,156,33,98,270,288,262,102,129,111,35,4097,875,797,2425
49035113535,2071,32,3.99,71,498,264,1238,55,471,426,757,362,0,0,0,10,21,24,15,10,33,151,262,426,536,221,220,142,666,68,179,419
49035102900,2470,643,2.12,1138,781,289,262,1221,795,374,45,35,249,268,331,143,118,112,99,156,110,141,289,374,14,31,26,9,11050,3838,2922,4290
49035113539,1232,17,4.05,45,305,308,574,80,443,239,352,118,8,11,29,0,19,13,39,75,11,91,227,239,302,50,92,26,290,73,53,164
49035113515,2187,108,2.81,441,917,259,570,461,754,371,442,159,60,0,60,131,99,111,115,81,92,214,252,371,252,190,80,79,1712,61,531,1120
49035104300,1241,26,2.38,426,384,191,240,194,375,143,371,158,40,0,47,42,32,33,51,74,33,171,46,143,228,143,98,60,1532,21,158,1353
49035112614,1147,48,3.31,179,375,167,426,175,197,177,270,328,0,39,9,70,37,20,10,59,11,47,70,177,123,147,164,164,435,72,4,359
49035112100,3486,231,2.59,1001,1332,436,717,782,1335,732,351,286,157,130,93,118,192,92,134,275,58,406,462,732,227,124,215,71,15896,3190,1372,11334
49035112619,1047,5,3.03,161,421,107,358,105,165,171,279,327,24,0,13,28,40,0,0,0,23,79,63,171,104,175,175,152,327,59,11,257
49045131001,770,12,3.97,56,166,137,411,68,212,184,195,111,13,8,16,22,2,7,25,30,33,43,81,184,96,99,60,51,346,20,70,256
49035115106,4264,21,4,395,937,679,2253,201,860,607,1503,1093,13,36,18,0,54,80,101,33,108,129,489,607,846,657,519,574,1738,524,84,1130
49035103500,1666,32,2.29,520,626,261,259,277,436,215,313,425,40,32,45,61,70,29,76,90,31,78,161,215,222,91,174,251,541,55,45,441
49035113410,1665,52,4.1,209,425,252,779,371,590,308,297,99,7,53,35,73,113,90,65,62,79,138,246,308,207,90,72,27,1231,74,501,656
49035104800,1944,34,2.7,537,664,251,492,383,431,421,493,216,106,62,45,82,14,74,65,32,113,72,149,421,257,236,111,105,727,106,135,486
49035112611,2364,42,3.09,337,820,414,793,255,760,315,614,420,31,0,41,67,54,62,57,55,57,244,347,315,354,260,338,82,2006,185,116,1705
49035111600,3067,377,2.09,1227,1042,593,205,1263,932,419,343,110,274,164,92,55,367,311,233,157,76,330,136,419,181,162,39,71,17989,8925,1722,7342
49035113511,1210,28,3.06,180,498,126,406,221,401,197,266,125,49,28,37,75,10,22,11,70,62,124,134,197,178,88,100,25,543,54,114,375
49035113802,1155,41,3.7,174,287,201,493,322,542,194,83,14,30,47,82,51,66,46,91,49,105,166,131,194,55,28,14,0,651,294,28,329
49035980000,0,0,NA,0,0,0,0,0,0,0,0,0,0,0,0,0,0,0,0,0,0,0,0,0,0,0,0,0,25018,12934,542,11542
49035112820,2721,55,3.2,330,908,578,905,328,548,330,671,844,135,56,29,38,70,0,21,20,136,84,287,330,309,362,298,546,2270,94,18,2158
49035110702,1693,36,2.93,315,583,285,510,287,523,178,255,450,33,32,35,51,83,53,23,59,68,186,187,178,120,135,213,237,1460,579,63,818
49035113505,1950,79,3.36,314,560,425,651,450,765,303,350,82,70,46,44,112,80,98,110,60,111,259,225,303,193,157,58,24,761,35,252,474
49035113107,8101,64,3.85,900,1716,1250,4235,628,2292,1503,2397,1281,161,0,79,183,115,90,302,366,229,345,1050,1503,1174,1223,958,323,4308,837,616,2855
49045130702,4831,91,3.61,400,1018,1060,2353,258,1053,1427,1513,580,40,43,61,0,20,94,95,105,100,312,441,1427,865,648,461,119,3259,1226,213,1820
49035113803,2200,0,4.14,202,485,275,1238,292,712,418,538,240,0,37,98,142,0,15,79,98,28,152,355,418,418,120,240,0,1488,135,257,1096
49035111802,1230,149,2.08,529,402,152,147,448,365,226,139,52,101,88,122,57,23,57,26,19,64,145,111,226,41,98,30,22,2366,150,745,1471
49035110600,1867,34,3,283,744,225,615,243,396,205,433,590,10,52,23,8,83,67,20,55,50,82,189,205,244,189,214,376,661,66,15,580
49035112816,1681,69,3.47,243,420,209,809,84,445,144,331,677,0,32,44,0,8,0,28,43,73,99,202,144,220,111,246,431,5057,1440,494,3123
49035112617,1058,16,3.3,100,342,192,424,106,147,128,260,417,48,0,8,0,35,15,22,17,7,35,66,128,82,178,271,146,949,68,32,849
49035112605,3068,189,2.44,805,1176,555,532,497,1052,606,634,279,161,15,65,51,125,80,189,56,130,377,300,606,312,322,210,69,17568,4910,1182,11476
49035113012,1646,48,3.55,213,554,221,658,204,154,184,456,648,34,34,22,18,36,60,22,21,41,44,26,184,264,192,319,329,9162,1796,455,6911
49035100700,1647,165,1.88,814,534,145,154,503,488,163,279,214,102,56,78,87,98,82,56,55,88,89,200,163,197,82,144,70,1488,60,42,1386
49035100100,774,131,2.33,221,365,87,101,272,233,132,76,61,93,14,33,24,59,49,4,17,45,71,96,132,52,24,46,15,6135,1708,314,4113
49035112904,1968,92,3.48,328,482,338,820,347,719,290,500,112,63,42,32,34,75,101,20,72,154,178,295,290,414,86,100,12,443,59,56,328
49035102701,1735,68,3.25,349,444,328,614,566,814,177,160,18,23,26,94,94,209,120,151,228,77,201,157,177,106,54,9,9,137,21,8,108
49035112921,1209,14,3.41,214,333,247,415,158,428,237,239,147,15,4,36,17,27,59,73,25,25,126,179,237,161,78,44,103,2171,487,761,923
49035112613,1564,30,3.28,203,548,210,603,137,335,296,367,429,44,9,13,9,31,31,40,24,41,94,136,296,191,176,280,149,1971,334,425,1212
49035114100,1326,48,2.26,534,454,95,243,236,391,179,243,277,65,29,35,16,44,47,106,67,28,90,100,179,150,93,84,193,5093,641,1085,3367
49035112001,1513,67,2.23,539,517,273,184,420,614,199,159,121,109,61,86,29,110,25,86,126,62,198,142,199,75,84,72,49,1766,163,382,1221
49035112002,2033,216,2.34,631,835,325,242,545,700,366,263,159,103,87,87,68,78,122,169,58,69,191,213,366,173,90,106,53,3059,282,327,2450
49035110500,2157,15,2.77,483,685,373,616,322,513,347,500,475,38,84,65,45,53,37,53,36,49,149,226,347,236,264,220,255,1034,116,76,842
49035112810,3156,39,3.94,132,849,644,1531,174,561,556,803,1062,28,30,71,14,16,15,102,71,10,60,318,556,482,321,590,472,3768,2075,147,1546
49035114600,2052,22,3.32,249,669,340,794,124,425,352,566,585,0,0,0,40,55,29,57,26,126,71,145,352,288,278,269,316,1414,573,157,684
49035112616,1434,97,3.13,226,490,155,563,124,329,194,299,488,11,0,13,0,73,27,57,35,18,85,134,194,164,135,206,282,798,55,44,699
49035111304,1277,8,2.73,279,517,129,352,119,332,139,267,420,0,0,31,55,27,6,32,11,55,152,82,139,145,122,180,240,683,161,199,323
49035110701,1438,29,2.92,319,362,417,340,317,427,209,277,208,53,17,19,50,91,87,33,30,90,177,97,209,198,79,89,119,697,70,20,607
49035112917,1248,32,3.25,146,439,224,439,184,445,130,340,149,19,42,52,0,41,30,66,68,37,121,153,130,219,121,95,54,1549,102,157,1290
49035101700,1991,261,1.84,931,771,189,100,662,764,306,149,110,131,71,79,154,148,79,118,71,99,233,243,306,101,48,46,64,1257,67,91,1099
49035112814,1435,94,3.1,117,572,231,515,222,182,142,242,647,61,28,9,55,10,59,0,18,9,57,98,142,152,90,224,423,477,110,11,356
49035113102,1040,0,3.71,35,297,289,419,98,233,266,218,225,0,0,13,13,19,53,0,0,6,75,152,266,161,57,111,114,2306,236,242,1828
49035104400,671,25,2.73,140,283,69,179,64,122,59,122,304,19,0,7,0,38,0,26,25,6,23,42,59,45,77,72,232,332,24,45,263
49035102100,1213,283,1.46,839,298,46,30,486,394,100,142,91,162,97,10,132,35,50,55,114,76,63,86,100,104,38,60,31,4535,349,65,4121
49035112502,2534,57,2.35,1015,700,383,436,463,1161,410,373,127,124,132,31,49,16,111,144,271,139,140,467,410,207,166,72,55,8621,991,1714,5916
49035103000,1197,69,2.77,275,404,258,260,290,286,218,292,111,77,24,16,81,47,45,53,65,0,97,71,218,136,156,36,75,1008,15,345,648
49035111202,1709,117,2.61,565,560,197,387,313,533,285,322,256,84,36,31,49,33,80,92,84,37,214,106,285,203,119,163,93,3198,226,923,2049
49035110103,1421,21,2.63,246,567,292,316,148,272,192,255,554,71,0,19,28,9,21,48,41,19,49,115,192,110,145,213,341,303,16,28,259
49035102802,1336,114,4.05,170,240,223,703,325,434,264,233,80,96,57,24,81,18,49,150,69,33,30,152,264,171,62,72,8,6766,2561,942,3263
49035112813,1621,19,3.23,156,625,272,568,168,295,172,450,536,20,10,21,50,48,19,16,28,28,113,110,172,221,229,167,369,583,144,35,404
49035112804,1752,38,3.27,138,662,361,591,192,309,256,690,305,36,9,27,47,40,33,15,40,41,74,139,256,346,344,209,96,1006,142,71,793
49035112905,1683,19,3.39,208,572,318,585,277,352,164,443,447,36,48,62,0,57,74,59,64,15,103,111,164,259,184,294,153,205,82,4,119
49035102801,1820,63,3.73,284,548,209,779,451,791,296,149,133,77,100,123,24,40,87,164,69,108,234,216,296,119,30,62,71,2078,1495,73,510
49045130701,1132,6,3.82,143,303,164,522,114,284,216,344,174,61,21,0,10,14,8,0,57,63,76,88,216,166,178,110,64,1301,434,314,553
49035112812,1864,109,3.05,316,588,363,597,321,627,310,416,190,86,55,0,49,93,38,62,125,61,170,209,310,267,149,108,82,1081,77,326,678
49035110300,2324,28,2.6,514,978,367,465,303,664,396,561,400,59,38,44,32,98,32,42,99,54,298,171,396,420,141,219,181,1009,135,322,552
49035114200,1700,15,3.1,257,649,269,525,307,477,301,405,210,38,26,63,52,72,56,36,42,59,152,188,301,234,171,145,65,1884,296,142,1446
49035113411,758,19,4.02,79,167,154,358,107,167,249,153,82,8,6,39,6,24,24,26,13,11,28,89,249,99,54,71,11,459,18,157,284
49035102000,1453,221,1.84,737,507,118,91,607,461,156,127,102,141,100,68,97,129,72,66,94,42,201,58,156,46,81,30,72,2653,189,851,1613
49035113514,2547,273,2.55,847,702,375,623,959,1033,364,138,53,190,61,244,143,195,126,255,168,68,342,200,364,101,37,42,11,580,58,26,496
49035113011,1879,94,3.25,320,634,329,596,280,347,311,378,563,70,38,123,16,14,19,49,36,38,64,160,311,231,147,281,282,3563,447,437,2679
49035101000,1408,105,2.14,563,437,234,174,255,298,169,326,360,27,56,68,18,54,32,37,47,54,67,93,169,155,171,132,228,667,194,1,472
49035104900,1316,78,2.3,514,387,144,271,289,568,218,164,77,106,44,67,46,11,15,142,59,46,95,226,218,124,40,77,0,450,48,137,265
49035112821,1888,72,3.5,185,563,243,897,225,262,109,416,876,89,7,27,35,30,37,6,42,54,90,70,109,192,224,248,628,544,125,20,399
49035112805,1503,18,3.51,205,398,283,617,46,394,246,460,357,42,0,0,0,0,4,45,53,67,117,112,246,270,190,215,142,2400,572,390,1438
49035104700,2145,91,2.44,619,757,318,451,362,527,509,488,259,102,95,38,26,24,77,56,51,75,154,191,509,311,177,108,151,667,90,41,536
49035112403,3100,187,2.46,975,978,671,476,805,1276,366,335,318,190,70,157,159,105,124,154,97,152,378,495,366,240,95,126,192,9377,3275,1703,4399
49035103900,1505,31,2.83,290,541,296,378,248,333,236,259,429,61,44,13,51,35,44,39,12,109,48,125,236,142,117,186,243,436,23,111,302
49035113305,2759,115,3.05,527,909,486,837,1059,1079,283,191,147,203,90,247,137,193,189,149,145,173,271,341,283,123,68,74,73,16823,4959,592,11272
49035112916,1503,18,3.26,264,307,362,570,238,617,269,222,157,9,40,16,43,48,82,30,98,71,176,242,269,162,60,127,30,809,376,62,371
49035113412,720,6,4.34,23,166,181,350,63,211,173,184,89,6,0,6,22,12,17,13,9,32,95,62,173,129,55,66,23,597,47,139,411
49035112609,1726,51,3.1,262,581,337,546,180,363,260,372,551,21,30,16,23,65,25,39,69,17,110,128,260,279,93,289,262,794,115,218,461
49035111302,2222,9,2.92,317,850,474,581,216,506,358,569,573,75,8,46,0,11,76,38,40,38,27,363,358,359,210,259,314,709,137,69,503
49035110200,1848,19,2.79,317,814,286,431,238,355,265,553,437,0,59,31,43,46,59,10,25,18,118,184,265,317,236,253,184,1893,159,589,1145
49035112612,1883,168,2.88,416,751,177,539,366,513,412,342,250,96,61,84,96,0,29,48,54,112,108,191,412,231,111,211,39,1989,136,643,1210
49035111903,1834,85,2.35,611,641,278,304,431,639,280,329,155,81,56,57,49,51,137,109,135,38,144,213,280,199,130,127,28,7757,193,227,7337
49035111101,2622,48,2.36,935,846,381,460,571,818,275,479,479,68,40,119,112,110,122,125,68,67,198,360,275,305,174,253,226,2843,283,42,2518
49035111103,2549,147,2.18,1030,917,312,290,595,757,226,537,434,177,46,47,162,70,93,159,72,105,168,253,226,304,233,231,203,1947,195,57,1695
49035112608,1613,0,3.4,126,560,292,635,247,248,253,541,324,7,46,45,35,47,67,26,32,24,65,101,253,333,208,204,120,1191,140,54,997
49035112818,0,0,NA,0,0,0,0,0,0,0,0,0,0,0,0,0,0,0,0,0,0,0,0,0,0,0,0,0,1767,268,13,1486
49035112615,732,5,3.32,49,274,139,270,23,124,127,207,251,14,2,0,0,1,6,11,22,0,25,66,127,106,101,127,124,548,131,64,353
49035112302,1378,38,2.82,372,435,228,343,202,531,275,249,121,0,7,26,42,55,72,77,17,119,153,165,275,122,127,30,91,7937,270,2699,4968
49035112618,1267,47,2.7,376,360,220,311,184,384,177,173,349,9,30,69,26,50,0,16,17,83,146,122,177,73,100,132,217,773,92,8,673
49035100308,1308,149,3.39,211,272,322,503,590,507,109,60,42,92,222,92,47,0,137,73,52,58,169,155,109,28,32,28,14,638,62,299,277
49035112815,1553,0,3.4,97,540,239,677,50,306,176,276,745,41,0,0,0,9,0,21,52,40,47,146,176,178,98,306,439,622,114,92,416
49035111904,1735,392,1.86,890,562,123,160,500,742,251,112,130,151,64,66,40,110,69,73,124,82,273,190,251,80,32,71,59,1466,33,357,1076
49035111102,2643,45,2.33,850,1098,240,455,574,936,366,292,475,58,36,164,74,172,70,138,125,170,147,356,366,89,203,220,255,1217,116,80,1021
49035102500,2290,624,1.62,1379,680,177,54,973,762,162,325,68,278,206,119,170,111,89,67,97,113,135,350,162,135,190,40,28,13791,3851,612,9328
49035112404,1710,174,2.27,664,560,192,294,598,681,239,152,40,54,87,119,92,152,94,92,82,54,159,294,239,112,40,40,0,3668,1237,439,1992
49035102600,1348,89,3.34,318,308,394,328,624,361,212,100,51,114,28,130,83,140,129,18,79,72,96,96,212,55,45,28,23,4560,3324,175,1061
49045980000,0,0,NA,0,0,0,0,0,0,0,0,0,0,0,0,0,0,0,0,0,0,0,0,0,0,0,0,0,26,0,0,26
49035113007,1356,22,3.67,104,445,230,577,41,276,348,299,392,9,0,0,8,16,8,22,0,58,28,168,348,250,49,250,142,355,141,4,210
49035112201,1750,28,3,426,543,299,482,265,661,205,408,211,25,47,38,50,33,72,104,78,67,210,202,205,246,162,152,59,2794,89,307,2398
49045131100,2729,136,3.1,442,818,549,920,319,1252,395,626,137,31,102,16,35,51,84,152,141,229,217,513,395,435,191,101,36,1311,266,6,1039
49035112912,736,0,3.43,64,220,155,297,88,213,171,160,104,5,0,31,9,15,28,27,45,0,66,75,171,56,104,80,24,2776,72,1325,1379
49035100200,543,50,2.56,101,233,134,75,58,101,42,134,208,5,4,21,16,0,12,0,20,0,11,70,42,78,56,48,160,903,778,30,95
49035112817,3182,67,2.9,565,1226,529,862,315,703,644,810,710,57,20,30,91,45,72,71,70,82,176,304,644,537,273,387,323,33591,10254,8735,14602
49035112301,1452,59,2.65,399,513,158,382,425,522,123,222,160,60,82,26,76,95,86,61,70,94,118,179,123,166,56,97,63,3775,102,266,3407
49035103400,1832,50,2.37,553,706,261,312,318,564,233,409,308,57,54,7,96,47,57,71,92,48,161,192,233,171,238,169,139,753,111,113,529
49035101500,1433,120,2.08,685,417,232,99,679,355,151,47,201,189,65,152,94,62,117,71,109,26,73,76,151,32,15,137,64,1676,15,274,1387
49035113510,1050,20,3.25,266,326,108,350,181,377,172,239,81,28,41,65,12,8,27,24,76,69,49,159,172,132,107,66,15,2741,50,109,2582
49035113105,1620,20,3.69,179,409,221,811,153,321,354,474,318,10,0,0,40,42,61,10,41,39,56,175,354,266,208,249,69,1595,1335,5,255
49035114800,1232,18,2.86,147,553,224,308,63,94,30,251,794,38,0,8,0,0,17,7,7,9,23,48,30,113,138,127,667,505,45,0,460
49035110402,1317,33,2.85,293,439,115,470,165,424,222,193,313,17,18,75,16,7,32,22,48,68,95,191,222,98,95,152,161,870,42,46,782
49035113600,1558,84,3.45,186,450,270,652,382,748,267,124,37,7,49,36,76,104,110,121,62,175,178,212,267,67,57,29,8,667,72,63,532
49035114300,6394,66,3.17,1174,1688,1066,2466,923,1885,886,1581,1119,284,0,72,133,280,154,243,301,153,488,700,886,950,631,846,273,4544,734,727,3083
49035115209,3096,97,3.53,350,649,728,1369,416,750,419,662,849,42,33,9,84,95,153,154,134,58,232,172,419,480,182,512,337,7964,5492,249,2223
49035104200,2678,82,2.44,720,1030,417,511,186,539,243,665,1045,18,20,17,13,16,102,35,78,0,248,178,243,373,292,274,771,1403,100,124,1179
